driverId,constructorId,grid,positionOrder,year,round,points
1,131,1,1,2015,1,25.0
3,131,2,2,2015,1,18.0
20,6,4,3,2015,1,15.0
13,3,3,4,2015,1,12.0
831,15,10,5,2015,1,10.0
817,9,6,6,2015,1,8.0
807,10,13,7,2015,1,6.0
828,15,15,8,2015,1,4.0
832,5,7,9,2015,1,2.0
815,10,14,10,2015,1,1.0
18,1,16,11,2015,1,0.0
8,6,5,12,2015,1,0.0
830,5,11,13,2015,1,0.0
154,208,8,14,2015,1,0.0
813,208,9,15,2015,1,0.0
826,9,12,16,2015,1,0.0
825,1,17,17,2015,1,0.0
822,3,0,18,2015,1,0.0
20,6,2,1,2015,2,25.0
1,131,1,2,2015,2,18.0
3,131,3,3,2015,2,15.0
8,6,11,4,2015,2,12.0
822,3,8,5,2015,2,10.0
13,3,7,6,2015,2,8.0
830,5,6,7,2015,2,6.0
832,5,15,8,2015,2,4.0
826,9,5,9,2015,2,2.0
817,9,4,10,2015,2,1.0
154,208,10,11,2015,2,0.0
831,15,16,12,2015,2,0.0
815,10,14,13,2015,2,0.0
807,10,13,14,2015,2,0.0
833,209,19,15,2015,2,0.0
813,208,12,16,2015,2,0.0
18,1,17,17,2015,2,0.0
4,1,18,18,2015,2,0.0
828,15,9,19,2015,2,0.0
829,209,0,20,2015,2,0.0
1,131,1,1,2015,3,25.0
3,131,2,2,2015,3,18.0
20,6,3,3,2015,3,15.0
8,6,6,4,2015,3,12.0
13,3,4,5,2015,3,10.0
822,3,5,6,2015,3,8.0
154,208,8,7,2015,3,6.0
831,15,9,8,2015,3,4.0
817,9,7,9,2015,3,2.0
828,15,10,10,2015,3,1.0
815,10,15,11,2015,3,0.0
4,1,18,12,2015,3,0.0
832,5,14,13,2015,3,0.0
18,1,17,14,2015,3,0.0
829,209,19,15,2015,3,0.0
833,209,20,16,2015,3,0.0
830,5,13,17,2015,3,0.0
813,208,11,18,2015,3,0.0
826,9,12,19,2015,3,0.0
807,10,16,20,2015,3,0.0
1,131,1,1,2015,4,25.0
8,6,4,2,2015,4,18.0
3,131,3,3,2015,4,15.0
822,3,5,4,2015,4,12.0
20,6,2,5,2015,4,10.0
817,9,7,6,2015,4,8.0
154,208,10,7,2015,4,6.0
815,10,11,8,2015,4,4.0
826,9,17,9,2015,4,2.0
13,3,6,10,2015,4,1.0
4,1,14,11,2015,4,0.0
831,15,12,12,2015,4,0.0
807,10,8,13,2015,4,0.0
828,15,13,14,2015,4,0.0
813,208,16,15,2015,4,0.0
829,209,18,16,2015,4,0.0
833,209,19,17,2015,4,0.0
830,5,15,18,2015,4,0.0
832,5,9,19,2015,4,0.0
18,1,20,20,2015,4,0.0
3,131,1,1,2015,5,25.0
1,131,2,2,2015,5,18.0
20,6,3,3,2015,5,15.0
822,3,4,4,2015,5,12.0
8,6,7,5,2015,5,10.0
13,3,9,6,2015,5,8.0
817,9,10,7,2015,5,6.0
154,208,11,8,2015,5,4.0
832,5,5,9,2015,5,2.0
826,9,8,10,2015,5,1.0
830,5,6,11,2015,5,0.0
831,15,15,12,2015,5,0.0
815,10,18,13,2015,5,0.0
828,15,16,14,2015,5,0.0
807,10,17,15,2015,5,0.0
18,1,14,16,2015,5,0.0
829,209,19,17,2015,5,0.0
833,209,20,18,2015,5,0.0
813,208,12,19,2015,5,0.0
4,1,13,20,2015,5,0.0
3,131,2,1,2015,6,25.0
20,6,3,2,2015,6,18.0
1,131,1,3,2015,6,15.0
826,9,5,4,2015,6,12.0
817,9,4,5,2015,6,10.0
8,6,6,6,2015,6,8.0
815,10,7,7,2015,6,6.0
18,1,10,8,2015,6,4.0
831,15,14,9,2015,6,2.0
832,5,0,10,2015,6,1.0
807,10,11,11,2015,6,0.0
154,208,15,12,2015,6,0.0
828,15,17,13,2015,6,0.0
822,3,16,14,2015,6,0.0
13,3,12,15,2015,6,0.0
833,209,19,16,2015,6,0.0
829,209,18,17,2015,6,0.0
830,5,9,18,2015,6,0.0
4,1,13,19,2015,6,0.0
813,208,8,20,2015,6,0.0
1,131,1,1,2015,7,25.0
3,131,2,2,2015,7,18.0
822,3,4,3,2015,7,15.0
8,6,3,4,2015,7,12.0
20,6,18,5,2015,7,10.0
13,3,15,6,2015,7,8.0
813,208,6,7,2015,7,6.0
807,10,7,8,2015,7,4.0
826,9,8,9,2015,7,2.0
154,208,5,10,2015,7,1.0
815,10,10,11,2015,7,0.0
832,5,11,12,2015,7,0.0
817,9,9,13,2015,7,0.0
828,15,12,14,2015,7,0.0
830,5,19,15,2015,7,0.0
831,15,14,16,2015,7,0.0
829,209,17,17,2015,7,0.0
833,209,16,18,2015,7,0.0
18,1,20,19,2015,7,0.0
4,1,13,20,2015,7,0.0
3,131,2,1,2015,8,25.0
1,131,1,2,2015,8,18.0
13,3,4,3,2015,8,15.0
20,6,3,4,2015,8,12.0
822,3,6,5,2015,8,10.0
807,10,5,6,2015,8,8.0
813,208,10,7,2015,8,6.0
830,5,7,8,2015,8,4.0
815,10,13,9,2015,8,2.0
817,9,18,10,2015,8,1.0
831,15,8,11,2015,8,0.0
826,9,15,12,2015,8,0.0
828,15,11,13,2015,8,0.0
833,209,16,14,2015,8,0.0
154,208,9,15,2015,8,0.0
832,5,12,16,2015,8,0.0
18,1,20,17,2015,8,0.0
829,209,17,18,2015,8,0.0
8,6,14,19,2015,8,0.0
4,1,19,20,2015,8,0.0
1,131,1,1,2015,9,25.0
3,131,2,2,2015,9,18.0
20,6,6,3,2015,9,15.0
13,3,3,4,2015,9,12.0
822,3,4,5,2015,9,10.0
826,9,7,6,2015,9,8.0
807,10,9,7,2015,9,6.0
8,6,5,8,2015,9,4.0
815,10,11,9,2015,9,2.0
4,1,17,10,2015,9,1.0
828,15,15,11,2015,9,0.0
833,209,20,12,2015,9,0.0
829,209,19,13,2015,9,0.0
832,5,8,14,2015,9,0.0
817,9,10,15,2015,9,0.0
830,5,13,16,2015,9,0.0
813,208,14,18,2015,9,0.0
18,1,18,19,2015,9,0.0
154,208,12,17,2015,9,0.0
831,15,16,20,2015,9,0.0
20,6,3,1,2015,10,25.0
826,9,7,2,2015,10,18.0
817,9,4,3,2015,10,15.0
830,5,9,4,2015,10,12.0
4,1,15,5,2015,10,10.0
1,131,1,6,2015,10,8.0
154,208,10,7,2015,10,6.0
3,131,2,8,2015,10,4.0
18,1,16,9,2015,10,2.0
828,15,17,10,2015,10,1.0
831,15,18,11,2015,10,0.0
13,3,8,12,2015,10,0.0
822,3,6,13,2015,10,0.0
813,208,14,14,2015,10,0.0
833,209,19,15,2015,10,0.0
829,209,20,16,2015,10,0.0
832,5,12,17,2015,10,0.0
8,6,5,18,2015,10,0.0
815,10,13,19,2015,10,0.0
807,10,11,20,2015,10,0.0
1,131,1,1,2015,11,25.0
3,131,2,2,2015,11,18.0
154,208,9,3,2015,11,15.0
826,9,12,4,2015,11,12.0
815,10,4,5,2015,11,10.0
13,3,6,6,2015,11,8.0
8,6,16,7,2015,11,6.0
830,5,18,8,2015,11,4.0
822,3,3,9,2015,11,2.0
828,15,13,10,2015,11,1.0
831,15,14,11,2015,11,0.0
20,6,8,12,2015,11,0.0
4,1,20,13,2015,11,0.0
18,1,19,14,2015,11,0.0
833,209,17,15,2015,11,0.0
829,209,15,16,2015,11,0.0
832,5,10,17,2015,11,0.0
817,9,5,18,2015,11,0.0
813,208,7,19,2015,11,0.0
807,10,11,20,2015,11,0.0
1,131,1,1,2015,12,25.0
20,6,3,2,2015,12,18.0
13,3,5,3,2015,12,15.0
822,3,6,4,2015,12,12.0
8,6,2,5,2015,12,10.0
815,10,7,6,2015,12,8.0
807,10,9,7,2015,12,6.0
817,9,19,8,2015,12,4.0
828,15,12,9,2015,12,2.0
826,9,18,10,2015,12,1.0
832,5,17,11,2015,12,0.0
830,5,20,12,2015,12,0.0
831,15,17,13,2015,12,0.0
18,1,15,14,2015,12,0.0
829,209,13,15,2015,12,0.0
833,209,14,16,2015,12,0.0
3,131,4,17,2015,12,0.0
4,1,16,18,2015,12,0.0
154,208,8,19,2015,12,0.0
813,208,10,20,2015,12,0.0
20,6,1,1,2015,13,25.0
817,9,2,2,2015,13,18.0
8,6,3,3,2015,13,15.0
3,131,6,4,2015,13,12.0
822,3,7,5,2015,13,10.0
826,9,4,6,2015,13,8.0
815,10,13,7,2015,13,6.0
830,5,8,8,2015,13,4.0
832,5,14,9,2015,13,2.0
831,15,16,10,2015,13,1.0
828,15,17,11,2015,13,0.0
813,208,18,12,2015,13,0.0
154,208,10,13,2015,13,0.0
834,209,20,14,2015,13,0.0
829,209,19,15,2015,13,0.0
18,1,15,16,2015,13,0.0
4,1,12,17,2015,13,0.0
1,131,5,18,2015,13,0.0
13,3,9,19,2015,13,0.0
807,10,11,20,2015,13,0.0
1,131,2,1,2015,14,25.0
3,131,1,2,2015,14,18.0
20,6,4,3,2015,14,15.0
8,6,6,4,2015,14,12.0
822,3,3,5,2015,14,10.0
807,10,13,6,2015,14,8.0
154,208,8,7,2015,14,6.0
813,208,11,8,2015,14,4.0
830,5,17,9,2015,14,2.0
832,5,10,10,2015,14,1.0
4,1,12,11,2015,14,0.0
815,10,9,12,2015,14,0.0
826,9,20,13,2015,14,0.0
828,15,15,14,2015,14,0.0
817,9,7,15,2015,14,0.0
18,1,14,16,2015,14,0.0
13,3,5,17,2015,14,0.0
834,209,19,18,2015,14,0.0
829,209,18,19,2015,14,0.0
831,15,16,20,2015,14,0.0
1,131,2,1,2015,15,25.0
20,6,4,2,2015,15,18.0
815,10,7,3,2015,15,15.0
13,3,15,4,2015,15,12.0
8,6,5,8,2015,15,4.0
831,15,12,6,2015,15,8.0
813,208,14,7,2015,15,6.0
18,1,13,9,2015,15,2.0
830,5,9,10,2015,15,1.0
4,1,19,11,2015,15,0.0
822,3,3,12,2015,15,0.0
833,209,18,13,2015,15,0.0
829,209,17,14,2015,15,0.0
817,9,10,15,2015,15,0.0
832,5,20,16,2015,15,0.0
154,208,8,17,2015,15,0.0
3,131,1,18,2015,15,0.0
807,10,6,19,2015,15,0.0
828,15,17,20,2015,15,0.0
826,9,11,5,2015,15,10.0
1,131,2,1,2015,16,25.0
3,131,1,2,2015,16,18.0
20,6,13,3,2015,16,15.0
830,5,8,4,2015,16,12.0
815,10,5,5,2015,16,10.0
18,1,11,6,2015,16,8.0
832,5,20,7,2015,16,6.0
813,208,12,8,2015,16,4.0
831,15,15,9,2015,16,2.0
817,9,3,10,2015,16,1.0
4,1,9,11,2015,16,0.0
834,209,17,12,2015,16,0.0
826,9,4,13,2015,16,0.0
807,10,6,14,2015,16,0.0
828,15,14,15,2015,16,0.0
8,6,18,16,2015,16,0.0
13,3,7,17,2015,16,0.0
154,208,10,18,2015,16,0.0
822,3,16,19,2015,16,0.0
829,209,19,20,2015,16,0.0
3,131,1,1,2015,17,25.0
1,131,2,2,2015,17,18.0
822,3,6,3,2015,17,15.0
826,9,4,4,2015,17,12.0
817,9,5,5,2015,17,10.0
13,3,7,6,2015,17,8.0
807,10,10,7,2015,17,6.0
815,10,9,8,2015,17,4.0
830,5,8,9,2015,17,2.0
154,208,12,10,2015,17,1.0
813,208,13,11,2015,17,0.0
828,15,14,12,2015,17,0.0
832,5,11,13,2015,17,0.0
18,1,20,14,2015,17,0.0
834,209,16,15,2015,17,0.0
829,209,17,16,2015,17,0.0
831,15,15,17,2015,17,0.0
20,6,3,18,2015,17,0.0
8,6,19,19,2015,17,0.0
4,1,18,20,2015,17,0.0
3,131,1,1,2015,18,25.0
1,131,2,2,2015,18,18.0
20,6,3,3,2015,18,15.0
8,6,4,4,2015,18,12.0
822,3,7,5,2015,18,10.0
807,10,5,6,2015,18,8.0
826,9,6,7,2015,18,6.0
154,208,14,8,2015,18,4.0
830,5,9,9,2015,18,2.0
813,208,15,10,2015,18,1.0
817,9,19,11,2015,18,0.0
815,10,11,12,2015,18,0.0
831,15,13,13,2015,18,0.0
18,1,16,14,2015,18,0.0
4,1,20,15,2015,18,0.0
828,15,12,16,2015,18,0.0
829,209,18,17,2015,18,0.0
834,209,17,18,2015,18,0.0
832,5,10,19,2015,18,0.0
13,3,8,20,2015,18,0.0
3,131,1,1,2015,19,25.0
1,131,2,2,2015,19,18.0
8,6,3,3,2015,19,15.0
20,6,15,4,2015,19,12.0
815,10,4,5,2015,19,10.0
817,9,5,6,2015,19,8.0
807,10,7,7,2015,19,6.0
13,3,8,8,2015,19,4.0
154,208,18,9,2015,19,2.0
826,9,9,10,2015,19,1.0
832,5,10,11,2015,19,0.0
18,1,12,12,2015,19,0.0
822,3,6,13,2015,19,0.0
828,15,17,14,2015,19,0.0
831,15,14,15,2015,19,0.0
830,5,11,16,2015,19,0.0
4,1,16,17,2015,19,0.0
829,209,19,18,2015,19,0.0
833,209,20,19,2015,19,0.0
813,208,13,20,2015,19,0.0
3,131,2,1,2016,1,25.0
1,131,1,2,2016,1,18.0
20,6,3,3,2016,1,15.0
817,9,8,4,2016,1,12.0
13,3,6,5,2016,1,10.0
154,210,19,6,2016,1,8.0
807,10,10,7,2016,1,6.0
822,3,16,8,2016,1,4.0
832,5,7,9,2016,1,2.0
830,5,5,10,2016,1,1.0
835,4,13,11,2016,1,0.0
825,4,14,12,2016,1,0.0
815,10,9,13,2016,1,0.0
18,1,12,14,2016,1,0.0
831,15,17,15,2016,1,0.0
836,209,21,16,2016,1,0.0
828,15,15,17,2016,1,0.0
8,6,4,18,2016,1,0.0
837,209,22,19,2016,1,0.0
821,210,20,20,2016,1,0.0
4,1,11,21,2016,1,0.0
826,9,18,22,2016,1,0.0
3,131,2,1,2016,2,25.0
8,6,4,2,2016,2,18.0
1,131,1,3,2016,2,15.0
817,9,5,4,2016,2,12.0
154,210,9,5,2016,2,10.0
830,5,10,6,2016,2,8.0
826,9,15,7,2016,2,6.0
13,3,7,8,2016,2,4.0
822,3,6,9,2016,2,2.0
838,1,12,10,2016,2,1.0
825,4,22,11,2016,2,0.0
828,15,17,12,2016,2,0.0
836,209,16,13,2016,2,0.0
831,15,21,14,2016,2,0.0
807,10,8,15,2016,2,0.0
815,10,18,16,2016,2,0.0
837,209,20,17,2016,2,0.0
832,5,11,18,2016,2,0.0
821,210,13,19,2016,2,0.0
18,1,14,20,2016,2,0.0
20,6,3,21,2016,2,0.0
835,4,19,22,2016,2,0.0
3,131,1,1,2016,3,25.0
20,6,4,2,2016,3,18.0
826,9,6,3,2016,3,15.0
817,9,2,4,2016,3,12.0
8,6,3,5,2016,3,10.0
13,3,10,6,2016,3,8.0
1,131,22,7,2016,3,6.0
830,5,9,8,2016,3,4.0
832,5,8,9,2016,3,2.0
822,3,5,10,2016,3,1.0
815,10,7,11,2016,3,0.0
4,1,11,12,2016,3,0.0
18,1,12,13,2016,3,0.0
821,210,18,14,2016,3,0.0
807,10,13,15,2016,3,0.0
828,15,15,16,2016,3,0.0
825,4,17,17,2016,3,0.0
836,209,21,18,2016,3,0.0
154,210,14,19,2016,3,0.0
831,15,16,20,2016,3,0.0
837,209,20,21,2016,3,0.0
835,4,19,22,2016,3,0.0
3,131,1,1,2016,4,25.0
1,131,10,2,2016,4,18.0
8,6,3,3,2016,4,15.0
822,3,2,4,2016,4,12.0
13,3,4,5,2016,4,10.0
4,1,14,6,2016,4,8.0
825,4,17,7,2016,4,6.0
154,210,15,8,2016,4,4.0
815,10,6,9,2016,4,2.0
18,1,12,10,2016,4,1.0
817,9,5,11,2016,4,0.0
832,5,11,12,2016,4,0.0
835,4,18,13,2016,4,0.0
828,15,22,14,2016,4,0.0
826,9,8,15,2016,4,0.0
831,15,19,16,2016,4,0.0
821,210,16,17,2016,4,0.0
836,209,20,18,2016,4,0.0
830,5,9,19,2016,4,0.0
20,6,7,20,2016,4,0.0
807,10,13,21,2016,4,0.0
837,209,21,22,2016,4,0.0
830,9,4,1,2016,5,25.0
8,6,5,2,2016,5,18.0
20,6,6,3,2016,5,15.0
817,9,3,4,2016,5,12.0
822,3,7,5,2016,5,10.0
832,5,8,6,2016,5,8.0
815,10,9,7,2016,5,6.0
13,3,18,8,2016,5,4.0
18,1,12,9,2016,5,2.0
826,5,13,10,2016,5,1.0
821,210,16,11,2016,5,0.0
828,15,19,12,2016,5,0.0
835,4,17,13,2016,5,0.0
825,4,15,14,2016,5,0.0
831,15,20,15,2016,5,0.0
836,209,21,16,2016,5,0.0
837,209,22,17,2016,5,0.0
154,210,14,18,2016,5,0.0
4,1,10,19,2016,5,0.0
807,10,11,20,2016,5,0.0
1,131,1,21,2016,5,0.0
3,131,2,22,2016,5,0.0
1,131,3,1,2016,6,25.0
817,9,1,2,2016,6,18.0
815,10,7,3,2016,6,15.0
20,6,4,4,2016,6,12.0
4,1,9,5,2016,6,10.0
807,10,5,6,2016,6,8.0
3,131,2,7,2016,6,6.0
832,5,6,8,2016,6,4.0
18,1,13,9,2016,6,2.0
13,3,14,10,2016,6,1.0
821,210,12,11,2016,6,0.0
822,3,10,12,2016,6,0.0
154,210,15,13,2016,6,0.0
836,209,20,14,2016,6,0.0
837,209,19,15,2016,6,0.0
828,15,17,16,2016,6,0.0
831,15,0,17,2016,6,0.0
830,9,0,18,2016,6,0.0
825,4,16,19,2016,6,0.0
826,5,8,20,2016,6,0.0
8,6,11,21,2016,6,0.0
835,4,18,22,2016,6,0.0
1,131,1,1,2016,7,25.0
20,6,3,2,2016,7,18.0
822,3,7,3,2016,7,15.0
830,9,5,4,2016,7,12.0
3,131,2,5,2016,7,10.0
8,6,6,6,2016,7,8.0
817,9,4,7,2016,7,6.0
807,10,9,8,2016,7,4.0
832,5,20,9,2016,7,2.0
815,10,11,10,2016,7,1.0
4,1,10,11,2016,7,0.0
826,5,15,12,2016,7,0.0
821,210,13,13,2016,7,0.0
154,210,14,14,2016,7,0.0
828,15,21,15,2016,7,0.0
825,4,22,16,2016,7,0.0
836,209,17,17,2016,7,0.0
831,15,18,18,2016,7,0.0
837,209,19,19,2016,7,0.0
13,3,8,20,2016,7,0.0
835,4,16,21,2016,7,0.0
18,1,12,22,2016,7,0.0
3,131,1,1,2016,8,25.0
20,6,3,2,2016,8,18.0
815,10,7,3,2016,8,15.0
8,6,4,4,2016,8,12.0
1,131,10,5,2016,8,10.0
822,3,8,6,2016,8,8.0
817,9,2,7,2016,8,6.0
830,9,9,8,2016,8,4.0
807,10,12,9,2016,8,2.0
13,3,5,10,2016,8,1.0
18,1,19,11,2016,8,0.0
831,15,15,12,2016,8,0.0
154,210,11,13,2016,8,0.0
825,4,22,14,2016,8,0.0
835,4,21,15,2016,8,0.0
821,210,14,16,2016,8,0.0
828,15,20,17,2016,8,0.0
837,209,16,18,2016,8,0.0
4,1,13,19,2016,8,0.0
836,209,17,20,2016,8,0.0
832,5,18,21,2016,8,0.0
826,5,6,22,2016,8,0.0
1,131,1,1,2016,9,25.0
830,9,8,2,2016,9,18.0
8,6,4,3,2016,9,15.0
3,131,6,4,2016,9,12.0
817,9,5,5,2016,9,10.0
18,1,3,6,2016,9,8.0
154,210,13,7,2016,9,6.0
832,5,15,8,2016,9,4.0
822,3,7,9,2016,9,2.0
836,209,12,10,2016,9,1.0
821,210,11,11,2016,9,0.0
835,4,19,12,2016,9,0.0
831,15,21,13,2016,9,0.0
825,4,17,14,2016,9,0.0
828,15,18,15,2016,9,0.0
837,209,20,16,2016,9,0.0
815,10,16,17,2016,9,0.0
4,1,14,18,2016,9,0.0
807,10,2,19,2016,9,0.0
13,3,0,20,2016,9,0.0
20,6,9,21,2016,9,0.0
826,5,0,22,2016,9,0.0
1,131,1,1,2016,10,25.0
830,9,3,2,2016,10,18.0
3,131,2,3,2016,10,15.0
817,9,4,4,2016,10,12.0
8,6,5,5,2016,10,10.0
815,10,10,6,2016,10,8.0
807,10,8,7,2016,10,6.0
832,5,7,8,2016,10,4.0
20,6,11,9,2016,10,2.0
826,5,15,10,2016,10,1.0
13,3,12,11,2016,10,0.0
18,1,17,12,2016,10,0.0
4,1,9,13,2016,10,0.0
822,3,6,14,2016,10,0.0
831,15,21,15,2016,10,0.0
821,210,14,16,2016,10,0.0
825,4,16,17,2016,10,0.0
835,4,18,18,2016,10,0.0
837,209,19,19,2016,10,0.0
154,210,13,20,2016,10,0.0
828,15,22,21,2016,10,0.0
836,209,20,22,2016,10,0.0
1,131,2,1,2016,11,25.0
3,131,1,2,2016,11,18.0
817,9,3,3,2016,11,15.0
20,6,5,4,2016,11,12.0
830,9,4,5,2016,11,10.0
8,6,14,6,2016,11,8.0
4,1,7,7,2016,11,6.0
832,5,6,8,2016,11,4.0
822,3,10,9,2016,11,2.0
807,10,9,10,2016,11,1.0
815,10,13,11,2016,11,0.0
835,4,17,12,2016,11,0.0
821,210,15,13,2016,11,0.0
154,210,11,14,2016,11,0.0
825,4,19,15,2016,11,0.0
826,5,12,16,2016,11,0.0
831,15,16,17,2016,11,0.0
13,3,18,18,2016,11,0.0
836,209,20,19,2016,11,0.0
828,15,22,20,2016,11,0.0
837,209,21,21,2016,11,0.0
18,1,8,22,2016,11,0.0
1,131,2,1,2016,12,25.0
817,9,3,2,2016,12,18.0
830,9,4,3,2016,12,15.0
3,131,1,4,2016,12,12.0
20,6,6,5,2016,12,10.0
8,6,5,6,2016,12,8.0
807,10,8,7,2016,12,6.0
18,1,12,8,2016,12,4.0
822,3,7,9,2016,12,2.0
815,10,9,10,2016,12,1.0
821,210,11,11,2016,12,0.0
4,1,13,12,2016,12,0.0
154,210,20,13,2016,12,0.0
832,5,15,14,2016,12,0.0
826,5,18,15,2016,12,0.0
825,4,16,16,2016,12,0.0
836,209,17,17,2016,12,0.0
828,15,22,18,2016,12,0.0
835,4,14,19,2016,12,0.0
837,209,19,20,2016,12,0.0
831,15,21,21,2016,12,0.0
13,3,10,22,2016,12,0.0
3,131,1,1,2016,13,25.0
817,9,5,2,2016,13,18.0
1,131,21,3,2016,13,15.0
807,10,7,4,2016,13,12.0
815,10,6,5,2016,13,10.0
20,6,4,6,2016,13,8.0
4,1,22,7,2016,13,6.0
822,3,8,8,2016,13,4.0
8,6,3,9,2016,13,2.0
13,3,10,10,2016,13,1.0
830,9,2,11,2016,13,0.0
821,210,18,12,2016,13,0.0
154,210,11,13,2016,13,0.0
826,5,19,14,2016,13,0.0
835,4,13,15,2016,13,0.0
839,209,17,16,2016,13,0.0
831,15,16,17,2016,13,0.0
825,4,12,18,2016,13,0.0
828,15,20,19,2016,13,0.0
832,5,14,20,2016,13,0.0
18,1,9,21,2016,13,0.0
836,209,15,22,2016,13,0.0
3,131,2,1,2016,14,25.0
1,131,1,2,2016,14,18.0
20,6,3,3,2016,14,15.0
8,6,4,4,2016,14,12.0
817,9,6,5,2016,14,10.0
822,3,5,6,2016,14,8.0
830,9,7,7,2016,14,6.0
815,10,8,8,2016,14,4.0
13,3,11,9,2016,14,2.0
807,10,9,10,2016,14,1.0
154,210,17,11,2016,14,0.0
18,1,14,12,2016,14,0.0
821,210,10,13,2016,14,0.0
4,1,12,14,2016,14,0.0
832,5,15,15,2016,14,0.0
828,15,19,16,2016,14,0.0
825,4,21,17,2016,14,0.0
839,209,22,18,2016,14,0.0
826,5,16,19,2016,14,0.0
836,209,13,20,2016,14,0.0
835,4,20,21,2016,14,0.0
831,15,18,22,2016,14,0.0
3,131,1,1,2016,15,25.0
817,9,2,2,2016,15,18.0
1,131,3,3,2016,15,15.0
8,6,5,4,2016,15,12.0
20,6,22,5,2016,15,10.0
830,9,4,6,2016,15,8.0
4,1,9,7,2016,15,6.0
815,10,17,8,2016,15,4.0
826,5,7,9,2016,15,2.0
825,4,15,10,2016,15,1.0
821,210,13,11,2016,15,0.0
13,3,11,12,2016,15,0.0
831,15,16,13,2016,15,0.0
832,5,6,14,2016,15,0.0
835,4,18,15,2016,15,0.0
836,209,19,16,2016,15,0.0
828,15,14,17,2016,15,0.0
839,209,21,18,2016,15,0.0
18,1,12,19,2016,15,0.0
822,3,10,20,2016,15,0.0
807,10,8,21,2016,15,0.0
154,210,20,22,2016,15,0.0
817,9,4,1,2016,16,25.0
830,9,3,2,2016,16,18.0
3,131,2,3,2016,16,15.0
8,6,6,4,2016,16,12.0
822,3,11,5,2016,16,10.0
815,10,7,6,2016,16,8.0
4,1,22,7,2016,16,6.0
807,10,8,8,2016,16,4.0
18,1,9,9,2016,16,2.0
835,4,19,10,2016,16,1.0
832,5,16,11,2016,16,0.0
828,15,17,12,2016,16,0.0
13,3,10,13,2016,16,0.0
826,5,15,14,2016,16,0.0
836,209,21,15,2016,16,0.0
839,209,20,16,2016,16,0.0
831,15,18,17,2016,16,0.0
1,131,1,18,2016,16,0.0
821,210,13,19,2016,16,0.0
825,4,14,20,2016,16,0.0
154,210,12,21,2016,16,0.0
20,6,5,22,2016,16,0.0
3,131,1,1,2016,17,25.0
830,9,3,2,2016,17,18.0
1,131,2,3,2016,17,15.0
20,6,6,4,2016,17,12.0
8,6,8,5,2016,17,10.0
817,9,4,6,2016,17,8.0
815,10,5,7,2016,17,6.0
807,10,9,8,2016,17,4.0
13,3,12,9,2016,17,2.0
822,3,11,10,2016,17,1.0
154,210,7,11,2016,17,0.0
835,4,16,12,2016,17,0.0
826,5,13,13,2016,17,0.0
825,4,17,14,2016,17,0.0
828,15,18,15,2016,17,0.0
4,1,15,16,2016,17,0.0
832,5,14,17,2016,17,0.0
18,1,22,18,2016,17,0.0
831,15,19,19,2016,17,0.0
821,210,10,20,2016,17,0.0
839,209,20,21,2016,17,0.0
836,209,21,22,2016,17,0.0
1,131,1,1,2016,18,25.0
3,131,2,2,2016,18,18.0
817,9,3,3,2016,18,15.0
20,6,6,4,2016,18,12.0
4,1,12,5,2016,18,10.0
832,5,10,6,2016,18,8.0
13,3,9,7,2016,18,6.0
815,10,11,8,2016,18,4.0
18,1,19,9,2016,18,2.0
154,210,17,10,2016,18,1.0
826,5,13,11,2016,18,0.0
825,4,18,12,2016,18,0.0
835,4,15,13,2016,18,0.0
828,15,16,14,2016,18,0.0
831,15,21,15,2016,18,0.0
822,3,8,16,2016,18,0.0
836,209,20,17,2016,18,0.0
839,209,22,18,2016,18,0.0
8,6,5,19,2016,18,0.0
830,9,4,20,2016,18,0.0
821,210,14,21,2016,18,0.0
807,10,7,22,2016,18,0.0
1,131,1,1,2016,19,25.0
3,131,2,2,2016,19,18.0
817,9,4,3,2016,19,15.0
830,9,3,4,2016,19,12.0
20,6,7,5,2016,19,10.0
8,6,6,6,2016,19,8.0
807,10,5,7,2016,19,6.0
822,3,8,8,2016,19,4.0
13,3,9,9,2016,19,2.0
815,10,12,10,2016,19,1.0
828,15,15,11,2016,19,0.0
18,1,13,12,2016,19,0.0
4,1,11,13,2016,19,0.0
835,4,21,14,2016,19,0.0
831,15,19,15,2016,19,0.0
832,5,10,16,2016,19,0.0
825,4,14,17,2016,19,0.0
826,5,18,18,2016,19,0.0
821,210,17,19,2016,19,0.0
154,210,22,20,2016,19,0.0
839,209,20,21,2016,19,0.0
836,209,16,22,2016,19,0.0
1,131,1,1,2016,20,25.0
3,131,2,2,2016,20,18.0
830,9,4,3,2016,20,15.0
815,10,9,4,2016,20,12.0
20,6,5,5,2016,20,10.0
832,5,15,6,2016,20,8.0
807,10,8,7,2016,20,6.0
817,9,6,8,2016,20,4.0
831,15,21,9,2016,20,2.0
4,1,10,10,2016,20,1.0
822,3,11,11,2016,20,0.0
839,209,22,12,2016,20,0.0
826,5,14,13,2016,20,0.0
825,4,18,14,2016,20,0.0
836,209,19,15,2016,20,0.0
18,1,17,16,2016,20,0.0
821,210,12,17,2016,20,0.0
13,3,13,18,2016,20,0.0
835,4,16,19,2016,20,0.0
8,6,3,20,2016,20,0.0
828,15,20,21,2016,20,0.0
154,210,7,22,2016,20,0.0
1,131,1,1,2016,21,25.0
3,131,2,2,2016,21,18.0
20,6,5,3,2016,21,15.0
830,9,6,4,2016,21,12.0
817,9,3,5,2016,21,10.0
8,6,4,6,2016,21,8.0
807,10,7,7,2016,21,6.0
815,10,8,8,2016,21,4.0
13,3,10,9,2016,21,2.0
4,1,9,10,2016,21,1.0
154,210,14,11,2016,21,0.0
821,210,13,12,2016,21,0.0
839,209,20,13,2016,21,0.0
836,209,16,14,2016,21,0.0
828,15,22,15,2016,21,0.0
831,15,19,16,2016,21,0.0
835,4,15,17,2016,21,0.0
832,5,21,18,2016,21,0.0
826,5,17,19,2016,21,0.0
18,1,12,20,2016,21,0.0
822,3,11,21,2016,21,0.0
825,4,18,22,2016,21,0.0
20,6,2,1,2017,1,25.0
1,131,1,2,2017,1,18.0
822,131,3,3,2017,1,15.0
8,6,4,4,2017,1,12.0
830,9,5,5,2017,1,10.0
13,3,7,6,2017,1,8.0
815,10,10,7,2017,1,6.0
832,5,8,8,2017,1,4.0
826,5,9,9,2017,1,2.0
839,10,13,10,2017,1,1.0
807,4,11,11,2017,1,0.0
841,15,16,12,2017,1,0.0
838,1,18,13,2017,1,0.0
4,1,12,14,2017,1,0.0
825,210,17,15,2017,1,0.0
840,3,20,16,2017,1,0.0
817,9,0,17,2017,1,0.0
828,15,14,18,2017,1,0.0
835,4,19,19,2017,1,0.0
154,210,6,20,2017,1,0.0
1,131,1,1,2017,2,25.0
20,6,2,2,2017,2,18.0
830,9,16,3,2017,2,15.0
817,9,5,4,2017,2,12.0
8,6,4,5,2017,2,10.0
822,131,3,6,2017,2,8.0
832,5,11,7,2017,2,6.0
825,210,12,8,2017,2,4.0
815,10,8,9,2017,2,2.0
839,10,17,10,2017,2,1.0
154,210,19,11,2017,2,0.0
807,4,7,12,2017,2,0.0
835,4,20,13,2017,2,0.0
13,3,6,14,2017,2,0.0
828,15,14,15,2017,2,0.0
4,1,13,16,2017,2,0.0
826,5,9,17,2017,2,0.0
838,1,15,18,2017,2,0.0
841,15,18,19,2017,2,0.0
840,3,10,20,2017,2,0.0
20,6,3,1,2017,3,25.0
1,131,2,2,2017,3,18.0
822,131,1,3,2017,3,15.0
8,6,5,4,2017,3,12.0
817,9,4,5,2017,3,10.0
13,3,8,6,2017,3,8.0
815,10,18,7,2017,3,6.0
154,210,9,8,2017,3,4.0
807,4,7,9,2017,3,2.0
839,10,14,10,2017,3,1.0
836,15,13,11,2017,3,0.0
826,5,11,12,2017,3,0.0
835,4,10,13,2017,3,0.0
4,1,15,14,2017,3,0.0
828,15,19,15,2017,3,0.0
832,5,16,16,2017,3,0.0
840,3,12,17,2017,3,0.0
830,9,6,18,2017,3,0.0
825,210,20,19,2017,3,0.0
838,1,17,20,2017,3,0.0
822,131,3,1,2017,4,25.0
20,6,1,2,2017,4,18.0
8,6,2,3,2017,4,15.0
1,131,4,4,2017,4,12.0
830,9,7,5,2017,4,10.0
815,10,9,6,2017,4,8.0
839,10,10,7,2017,4,6.0
807,4,8,8,2017,4,4.0
13,3,6,9,2017,4,2.0
832,5,14,10,2017,4,1.0
840,3,11,11,2017,4,0.0
826,5,12,12,2017,4,0.0
825,210,13,13,2017,4,0.0
838,1,20,14,2017,4,0.0
828,15,18,15,2017,4,0.0
836,15,17,16,2017,4,0.0
817,9,5,17,2017,4,0.0
835,4,16,18,2017,4,0.0
154,210,19,19,2017,4,0.0
4,1,15,20,2017,4,0.0
1,131,1,1,2017,5,25.0
20,6,2,2,2017,5,18.0
817,9,6,3,2017,5,15.0
815,10,8,4,2017,5,12.0
839,10,10,5,2017,5,10.0
807,4,13,6,2017,5,8.0
832,5,12,7,2017,5,6.0
836,15,15,8,2017,5,4.0
826,5,19,9,2017,5,2.0
154,210,14,10,2017,5,1.0
828,15,16,11,2017,5,0.0
4,1,7,12,2017,5,0.0
13,3,9,13,2017,5,0.0
825,210,11,14,2017,5,0.0
835,4,17,15,2017,5,0.0
840,3,18,16,2017,5,0.0
822,131,3,17,2017,5,0.0
838,1,20,18,2017,5,0.0
830,9,5,19,2017,5,0.0
8,6,4,20,2017,5,0.0
20,6,2,1,2017,6,25.0
8,6,1,2,2017,6,18.0
817,9,5,3,2017,6,15.0
822,131,3,4,2017,6,12.0
830,9,4,5,2017,6,10.0
832,5,6,6,2017,6,8.0
1,131,13,7,2017,6,6.0
154,210,8,8,2017,6,4.0
13,3,14,9,2017,6,2.0
825,210,11,10,2017,6,1.0
835,4,16,11,2017,6,0.0
839,10,15,12,2017,6,0.0
815,10,7,13,2017,6,0.0
826,5,9,14,2017,6,0.0
840,3,17,15,2017,6,0.0
838,1,12,16,2017,6,0.0
828,15,19,17,2017,6,0.0
18,1,20,18,2017,6,0.0
836,15,18,19,2017,6,0.0
807,4,10,20,2017,6,0.0
1,131,1,1,2017,7,25.0
822,131,3,2,2017,7,18.0
817,9,6,3,2017,7,15.0
20,6,2,4,2017,7,12.0
815,10,8,5,2017,7,10.0
839,10,9,6,2017,7,8.0
8,6,4,7,2017,7,6.0
807,4,10,8,2017,7,4.0
840,3,17,9,2017,7,2.0
154,210,14,10,2017,7,1.0
835,4,15,11,2017,7,0.0
825,210,18,12,2017,7,0.0
828,15,19,13,2017,7,0.0
838,1,16,14,2017,7,0.0
836,15,20,15,2017,7,0.0
4,1,12,16,2017,7,0.0
826,5,11,17,2017,7,0.0
830,9,5,18,2017,7,0.0
13,3,7,19,2017,7,0.0
832,5,13,20,2017,7,0.0
817,9,10,1,2017,8,25.0
822,131,2,2,2017,8,18.0
840,3,8,3,2017,8,15.0
20,6,4,4,2017,8,12.0
1,131,1,5,2017,8,10.0
839,10,7,6,2017,8,8.0
825,210,12,7,2017,8,6.0
832,5,15,8,2017,8,4.0
4,1,19,9,2017,8,2.0
836,15,14,10,2017,8,1.0
828,15,17,11,2017,8,0.0
838,1,18,12,2017,8,0.0
154,210,16,13,2017,8,0.0
8,6,3,14,2017,8,0.0
815,10,6,15,2017,8,0.0
13,3,9,16,2017,8,0.0
807,4,13,17,2017,8,0.0
830,9,5,18,2017,8,0.0
826,5,11,19,2017,8,0.0
835,4,20,20,2017,8,0.0
822,131,1,1,2017,9,25.0
20,6,2,2,2017,9,18.0
817,9,4,3,2017,9,15.0
1,131,8,4,2017,9,12.0
8,6,3,5,2017,9,10.0
154,210,6,6,2017,9,8.0
815,10,7,7,2017,9,6.0
839,10,9,8,2017,9,4.0
13,3,17,9,2017,9,2.0
840,3,18,10,2017,9,1.0
835,4,16,11,2017,9,0.0
838,1,13,12,2017,9,0.0
807,4,11,13,2017,9,0.0
836,15,20,14,2017,9,0.0
828,15,19,15,2017,9,0.0
826,5,14,16,2017,9,0.0
832,5,10,17,2017,9,0.0
825,210,15,18,2017,9,0.0
4,1,12,19,2017,9,0.0
830,9,5,20,2017,9,0.0
1,131,1,1,2017,10,25.0
822,131,9,2,2017,10,18.0
8,6,2,3,2017,10,15.0
830,9,4,4,2017,10,12.0
817,9,19,5,2017,10,10.0
807,4,5,6,2017,10,8.0
20,6,3,7,2017,10,6.0
839,10,7,8,2017,10,4.0
815,10,6,9,2017,10,2.0
13,3,14,10,2017,10,1.0
838,1,8,11,2017,10,0.0
825,210,16,12,2017,10,0.0
154,210,10,13,2017,10,0.0
828,15,18,14,2017,10,0.0
826,5,12,15,2017,10,0.0
840,3,15,16,2017,10,0.0
836,15,17,17,2017,10,0.0
4,1,20,18,2017,10,0.0
832,5,13,19,2017,10,0.0
835,4,11,20,2017,10,0.0
20,6,1,1,2017,11,25.0
8,6,2,2,2017,11,18.0
822,131,3,3,2017,11,15.0
1,131,4,4,2017,11,12.0
830,9,5,5,2017,11,10.0
4,1,7,6,2017,11,8.0
832,5,9,7,2017,11,6.0
815,10,13,8,2017,11,4.0
839,10,11,9,2017,11,2.0
838,1,8,10,2017,11,1.0
826,5,16,11,2017,11,0.0
835,4,10,12,2017,11,0.0
825,210,15,13,2017,11,0.0
840,3,17,14,2017,11,0.0
836,15,18,15,2017,11,0.0
828,15,20,16,2017,11,0.0
807,4,12,17,2017,11,0.0
814,3,19,18,2017,11,0.0
154,210,14,19,2017,11,0.0
817,9,6,20,2017,11,0.0
1,131,1,1,2017,12,25.0
20,6,2,2,2017,12,18.0
817,9,6,3,2017,12,15.0
8,6,4,4,2017,12,12.0
822,131,3,5,2017,12,10.0
807,4,7,6,2017,12,8.0
154,210,11,7,2017,12,6.0
13,3,16,8,2017,12,4.0
839,10,9,9,2017,12,2.0
832,5,13,10,2017,12,1.0
840,3,15,11,2017,12,0.0
826,5,19,12,2017,12,0.0
835,4,14,13,2017,12,0.0
838,1,20,14,2017,12,0.0
825,210,12,15,2017,12,0.0
828,15,17,16,2017,12,0.0
815,10,8,17,2017,12,0.0
4,1,10,18,2017,12,0.0
830,9,5,19,2017,12,0.0
836,15,18,20,2017,12,0.0
1,131,1,1,2017,13,25.0
822,131,4,2,2017,13,18.0
20,6,6,3,2017,13,15.0
817,9,16,4,2017,13,12.0
8,6,5,5,2017,13,10.0
839,10,3,6,2017,13,8.0
840,3,2,7,2017,13,6.0
13,3,7,8,2017,13,4.0
815,10,10,9,2017,13,2.0
830,9,13,10,2017,13,1.0
825,210,9,11,2017,13,0.0
826,5,8,12,2017,13,0.0
807,4,14,13,2017,13,0.0
832,5,15,14,2017,13,0.0
154,210,20,15,2017,13,0.0
836,15,12,16,2017,13,0.0
4,1,19,17,2017,13,0.0
828,15,11,18,2017,13,0.0
838,1,18,19,2017,13,0.0
835,4,17,20,2017,13,0.0
1,131,5,1,2017,14,25.0
817,9,3,2,2017,14,18.0
822,131,6,3,2017,14,15.0
832,5,10,4,2017,14,12.0
815,10,12,5,2017,14,10.0
835,4,11,6,2017,14,8.0
838,1,9,7,2017,14,6.0
840,3,18,8,2017,14,4.0
154,210,15,9,2017,14,2.0
839,10,14,10,2017,14,1.0
13,3,17,11,2017,14,0.0
836,15,19,12,2017,14,0.0
825,210,16,13,2017,14,0.0
807,4,7,14,2017,14,0.0
828,15,20,15,2017,14,0.0
826,5,13,16,2017,14,0.0
4,1,8,17,2017,14,0.0
20,6,1,18,2017,14,0.0
830,9,2,19,2017,14,0.0
8,6,4,20,2017,14,0.0
830,9,3,1,2017,15,25.0
1,131,1,2,2017,15,18.0
817,9,4,3,2017,15,15.0
20,6,20,4,2017,15,12.0
822,131,5,5,2017,15,10.0
815,10,9,6,2017,15,8.0
838,1,7,7,2017,15,6.0
840,3,13,8,2017,15,4.0
13,3,11,9,2017,15,2.0
839,10,6,10,2017,15,1.0
4,1,10,11,2017,15,0.0
825,210,17,12,2017,15,0.0
154,210,16,13,2017,15,0.0
842,5,15,14,2017,15,0.0
835,4,12,15,2017,15,0.0
807,4,8,16,2017,15,0.0
836,15,18,17,2017,15,0.0
828,15,19,18,2017,15,0.0
832,5,14,19,2017,15,0.0
8,6,0,20,2017,15,0.0
1,131,1,1,2017,16,25.0
830,9,4,2,2017,16,18.0
817,9,3,3,2017,16,15.0
822,131,6,4,2017,16,12.0
8,6,10,5,2017,16,10.0
839,10,5,6,2017,16,8.0
815,10,7,7,2017,16,6.0
825,210,12,8,2017,16,4.0
154,210,13,9,2017,16,2.0
13,3,8,10,2017,16,1.0
4,1,20,11,2017,16,0.0
835,4,18,12,2017,16,0.0
842,5,14,13,2017,16,0.0
838,1,9,14,2017,16,0.0
836,15,17,15,2017,16,0.0
840,3,15,16,2017,16,0.0
807,4,11,17,2017,16,0.0
828,15,16,18,2017,16,0.0
20,6,2,19,2017,16,0.0
832,5,19,20,2017,16,0.0
1,131,1,1,2017,17,25.0
20,6,2,2,2017,17,18.0
8,6,5,3,2017,17,15.0
830,9,16,4,2017,17,12.0
822,131,3,5,2017,17,10.0
839,10,6,6,2017,17,8.0
832,4,7,7,2017,17,6.0
815,10,9,8,2017,17,4.0
13,3,10,9,2017,17,2.0
826,5,11,10,2017,17,1.0
840,3,15,11,2017,17,0.0
838,1,20,12,2017,17,0.0
843,5,19,13,2017,17,0.0
154,210,12,14,2017,17,0.0
828,15,13,15,2017,17,0.0
825,210,17,16,2017,17,0.0
4,1,8,17,2017,17,0.0
817,9,4,18,2017,17,0.0
836,15,14,19,2017,17,0.0
807,4,18,20,2017,17,0.0
830,9,2,1,2017,18,25.0
822,131,4,2,2017,18,18.0
8,6,5,3,2017,18,15.0
20,6,1,4,2017,18,12.0
839,10,6,5,2017,18,10.0
840,3,11,6,2017,18,8.0
815,10,9,7,2017,18,6.0
825,210,14,8,2017,18,4.0
1,131,3,9,2017,18,2.0
4,1,18,10,2017,18,1.0
13,3,10,11,2017,18,0.0
838,1,19,12,2017,18,0.0
842,5,20,13,2017,18,0.0
836,15,13,14,2017,18,0.0
154,210,15,15,2017,18,0.0
832,4,8,16,2017,18,0.0
828,15,12,17,2017,18,0.0
843,5,17,18,2017,18,0.0
807,4,7,19,2017,18,0.0
817,9,16,20,2017,18,0.0
20,6,2,1,2017,19,25.0
822,131,1,2,2017,19,18.0
8,6,3,3,2017,19,15.0
1,131,20,4,2017,19,12.0
830,9,4,5,2017,19,10.0
817,9,14,6,2017,19,8.0
13,3,9,7,2017,19,6.0
4,1,6,8,2017,19,4.0
815,10,5,9,2017,19,2.0
807,4,7,10,2017,19,1.0
832,4,8,11,2017,19,0.0
842,5,19,12,2017,19,0.0
828,15,17,13,2017,19,0.0
836,15,15,14,2017,19,0.0
154,210,11,15,2017,19,0.0
840,3,16,16,2017,19,0.0
843,5,18,17,2017,19,0.0
839,10,10,18,2017,19,0.0
838,1,12,19,2017,19,0.0
825,210,13,20,2017,19,0.0
822,131,1,1,2017,20,25.0
1,131,2,2,2017,20,18.0
20,6,3,3,2017,20,15.0
8,6,5,4,2017,20,12.0
830,9,6,5,2017,20,10.0
807,4,7,6,2017,20,8.0
815,10,8,7,2017,20,6.0
839,10,9,8,2017,20,4.0
4,1,11,9,2017,20,2.0
13,3,10,10,2017,20,1.0
154,210,16,11,2017,20,0.0
838,1,13,12,2017,20,0.0
825,210,14,13,2017,20,0.0
836,15,18,14,2017,20,0.0
843,5,20,15,2017,20,0.0
842,5,17,16,2017,20,0.0
828,15,19,17,2017,20,0.0
840,3,15,18,2017,20,0.0
832,4,12,19,2017,20,0.0
817,9,4,20,2017,20,0.0
20,6,3,1,2018,1,25.0
1,131,1,2,2018,1,18.0
8,6,2,3,2018,1,15.0
817,9,8,4,2018,1,12.0
4,1,10,5,2018,1,10.0
830,9,4,6,2018,1,8.0
807,4,7,7,2018,1,6.0
822,131,15,8,2018,1,4.0
838,1,11,9,2018,1,2.0
832,4,9,10,2018,1,1.0
815,10,12,11,2018,1,0.0
839,10,14,12,2018,1,0.0
844,15,18,13,2018,1,0.0
840,3,13,14,2018,1,0.0
843,5,16,15,2018,1,0.0
154,210,6,16,2018,1,0.0
825,210,5,17,2018,1,0.0
842,5,20,18,2018,1,0.0
828,15,17,19,2018,1,0.0
845,3,19,20,2018,1,0.0
20,6,1,1,2018,2,25.0
822,131,3,2,2018,2,18.0
1,131,9,3,2018,2,15.0
842,5,5,4,2018,2,12.0
825,210,6,5,2018,2,10.0
807,4,7,6,2018,2,8.0
4,1,13,7,2018,2,6.0
838,1,14,8,2018,2,4.0
828,15,17,9,2018,2,2.0
839,10,8,10,2018,2,1.0
832,4,10,11,2018,2,0.0
844,15,19,12,2018,2,0.0
154,210,16,13,2018,2,0.0
840,3,20,14,2018,2,0.0
845,3,18,15,2018,2,0.0
815,10,12,16,2018,2,0.0
843,5,11,17,2018,2,0.0
8,6,2,18,2018,2,0.0
830,9,15,19,2018,2,0.0
817,9,4,20,2018,2,0.0
817,9,6,1,2018,3,25.0
822,131,3,2,2018,3,18.0
8,6,2,3,2018,3,15.0
1,131,4,4,2018,3,12.0
830,9,5,5,2018,3,10.0
807,4,7,6,2018,3,8.0
4,1,13,7,2018,3,6.0
20,6,1,8,2018,3,4.0
832,4,9,9,2018,3,2.0
825,210,11,10,2018,3,1.0
839,10,12,11,2018,3,0.0
815,10,8,12,2018,3,0.0
838,1,14,13,2018,3,0.0
840,3,18,14,2018,3,0.0
845,3,16,15,2018,3,0.0
828,15,20,16,2018,3,0.0
154,210,10,17,2018,3,0.0
842,5,17,18,2018,3,0.0
844,15,19,19,2018,3,0.0
843,5,15,20,2018,3,0.0
1,131,2,1,2018,4,25.0
8,6,6,2,2018,4,18.0
815,10,8,3,2018,4,15.0
20,6,1,4,2018,4,12.0
832,4,9,5,2018,4,10.0
844,15,13,6,2018,4,8.0
4,1,12,7,2018,4,6.0
840,3,10,8,2018,4,4.0
838,1,16,9,2018,4,2.0
843,5,19,10,2018,4,1.0
828,15,18,11,2018,4,0.0
842,5,17,12,2018,4,0.0
825,210,15,13,2018,4,0.0
822,131,3,14,2018,4,0.0
154,210,20,15,2018,4,0.0
830,9,5,16,2018,4,0.0
817,9,4,17,2018,4,0.0
807,4,14,18,2018,4,0.0
839,10,7,19,2018,4,0.0
845,3,11,20,2018,4,0.0
1,131,1,1,2018,5,25.0
822,131,2,2,2018,5,18.0
830,9,5,3,2018,5,15.0
20,6,3,4,2018,5,12.0
817,9,6,5,2018,5,10.0
825,210,7,6,2018,5,8.0
832,4,9,7,2018,5,6.0
4,1,8,8,2018,5,4.0
815,10,15,9,2018,5,2.0
844,15,14,10,2018,5,1.0
840,3,18,11,2018,5,0.0
843,5,20,12,2018,5,0.0
828,15,17,13,2018,5,0.0
845,3,19,14,2018,5,0.0
838,1,11,15,2018,5,0.0
839,10,13,16,2018,5,0.0
8,6,4,17,2018,5,0.0
154,210,10,18,2018,5,0.0
842,5,12,19,2018,5,0.0
807,4,16,20,2018,5,0.0
817,9,1,1,2018,6,25.0
20,6,2,2,2018,6,18.0
1,131,3,3,2018,6,15.0
8,6,4,4,2018,6,12.0
822,131,5,5,2018,6,10.0
839,10,6,6,2018,6,8.0
842,5,10,7,2018,6,6.0
807,4,11,8,2018,6,4.0
830,9,20,9,2018,6,2.0
832,4,8,10,2018,6,1.0
828,15,16,11,2018,6,0.0
815,10,9,12,2018,6,0.0
825,210,19,13,2018,6,0.0
838,1,12,14,2018,6,0.0
154,210,18,15,2018,6,0.0
845,3,13,16,2018,6,0.0
840,3,17,17,2018,6,0.0
844,15,14,18,2018,6,0.0
843,5,15,19,2018,6,0.0
4,1,7,20,2018,6,0.0
20,6,1,1,2018,7,25.0
822,131,2,2,2018,7,18.0
830,9,3,3,2018,7,15.0
817,9,6,4,2018,7,12.0
1,131,4,5,2018,7,10.0
8,6,5,6,2018,7,8.0
807,4,7,7,2018,7,6.0
832,4,9,8,2018,7,4.0
839,10,8,9,2018,7,2.0
844,15,13,10,2018,7,1.0
842,5,16,11,2018,7,0.0
154,210,20,12,2018,7,0.0
825,210,11,13,2018,7,0.0
815,10,10,14,2018,7,0.0
828,15,19,15,2018,7,0.0
838,1,15,16,2018,7,0.0
845,3,18,17,2018,7,0.0
4,1,14,18,2018,7,0.0
843,5,12,19,2018,7,0.0
840,3,17,20,2018,7,0.0
1,131,1,1,2018,8,25.0
830,9,4,2,2018,8,18.0
8,6,6,3,2018,8,15.0
817,9,5,4,2018,8,12.0
20,6,3,5,2018,8,10.0
825,210,9,6,2018,8,8.0
822,131,2,7,2018,8,6.0
832,4,7,8,2018,8,4.0
807,4,12,9,2018,8,2.0
844,15,8,10,2018,8,1.0
154,210,10,11,2018,8,0.0
838,1,17,12,2018,8,0.0
828,15,15,13,2018,8,0.0
843,5,20,14,2018,8,0.0
845,3,18,15,2018,8,0.0
4,1,16,16,2018,8,0.0
840,3,19,17,2018,8,0.0
815,10,13,18,2018,8,0.0
839,10,11,19,2018,8,0.0
842,5,14,20,2018,8,0.0
830,9,4,1,2018,9,25.0
8,6,3,2,2018,9,18.0
20,6,6,3,2018,9,15.0
154,210,5,4,2018,9,12.0
825,210,8,5,2018,9,10.0
839,10,11,6,2018,9,8.0
815,10,16,7,2018,9,6.0
4,1,13,8,2018,9,4.0
844,15,18,9,2018,9,2.0
828,15,20,10,2018,9,1.0
842,5,12,11,2018,9,0.0
832,4,9,12,2018,9,0.0
845,3,17,13,2018,9,0.0
840,3,14,14,2018,9,0.0
838,1,15,15,2018,9,0.0
1,131,2,16,2018,9,0.0
843,5,19,17,2018,9,0.0
817,9,7,18,2018,9,0.0
822,131,1,19,2018,9,0.0
807,4,10,20,2018,9,0.0
20,6,2,1,2018,10,25.0
1,131,1,2,2018,10,18.0
8,6,3,3,2018,10,15.0
822,131,4,4,2018,10,12.0
817,9,6,5,2018,10,10.0
807,4,11,6,2018,10,8.0
839,10,10,7,2018,10,6.0
4,1,13,8,2018,10,4.0
825,210,7,9,2018,10,2.0
815,10,12,10,2018,10,1.0
838,1,17,11,2018,10,0.0
840,3,19,12,2018,10,0.0
842,5,14,13,2018,10,0.0
845,3,18,14,2018,10,0.0
843,5,0,20,2018,10,0.0
830,9,5,15,2018,10,0.0
154,210,8,16,2018,10,0.0
832,4,16,17,2018,10,0.0
828,15,15,18,2018,10,0.0
844,15,9,19,2018,10,0.0
1,131,14,1,2018,11,25.0
822,131,2,2,2018,11,18.0
8,6,3,3,2018,11,15.0
830,9,4,4,2018,11,12.0
807,4,7,5,2018,11,10.0
154,210,6,6,2018,11,8.0
815,10,10,7,2018,11,6.0
839,10,15,8,2018,11,4.0
828,15,13,9,2018,11,2.0
843,5,17,10,2018,11,1.0
825,210,5,11,2018,11,0.0
832,4,8,12,2018,11,0.0
838,1,19,13,2018,11,0.0
842,5,16,14,2018,11,0.0
844,15,9,15,2018,11,0.0
4,1,11,16,2018,11,0.0
840,3,18,17,2018,11,0.0
20,6,1,18,2018,11,0.0
845,3,12,19,2018,11,0.0
817,9,20,20,2018,11,0.0
1,131,1,1,2018,12,25.0
20,6,4,2,2018,12,18.0
8,6,3,3,2018,12,15.0
817,9,12,4,2018,12,12.0
822,131,2,5,2018,12,10.0
842,5,6,6,2018,12,8.0
825,210,9,7,2018,12,6.0
4,1,11,8,2018,12,4.0
832,4,5,9,2018,12,2.0
154,210,10,10,2018,12,1.0
843,5,8,11,2018,12,0.0
807,4,13,12,2018,12,0.0
839,10,18,13,2018,12,0.0
815,10,19,14,2018,12,0.0
828,15,14,15,2018,12,0.0
845,3,20,16,2018,12,0.0
840,3,15,17,2018,12,0.0
838,1,16,18,2018,12,0.0
830,9,7,19,2018,12,0.0
844,15,17,20,2018,12,0.0
20,6,2,1,2018,13,25.0
1,131,1,2,2018,13,18.0
830,9,7,3,2018,13,15.0
822,131,19,4,2018,13,12.0
815,10,4,5,2018,13,10.0
839,10,3,6,2018,13,8.0
154,210,5,7,2018,13,6.0
825,210,9,8,2018,13,4.0
842,5,10,9,2018,13,2.0
828,15,13,10,2018,13,1.0
832,4,14,11,2018,13,0.0
845,3,16,12,2018,13,0.0
840,3,17,13,2018,13,0.0
843,5,11,14,2018,13,0.0
838,1,18,15,2018,13,0.0
817,9,8,16,2018,13,0.0
8,6,6,17,2018,13,0.0
844,15,12,18,2018,13,0.0
4,1,15,19,2018,13,0.0
807,4,20,20,2018,13,0.0
1,131,3,1,2018,14,25.0
8,6,1,2,2018,14,18.0
822,131,4,3,2018,14,15.0
20,6,2,4,2018,14,12.0
830,9,5,5,2018,14,10.0
839,10,8,6,2018,14,8.0
815,10,14,7,2018,14,6.0
832,4,7,8,2018,14,4.0
840,3,10,9,2018,14,2.0
845,3,12,10,2018,14,1.0
844,15,15,11,2018,14,0.0
838,1,17,12,2018,14,0.0
807,4,20,13,2018,14,0.0
842,5,9,14,2018,14,0.0
828,15,18,15,2018,14,0.0
825,210,11,16,2018,14,0.0
817,9,19,17,2018,14,0.0
4,1,13,18,2018,14,0.0
843,5,16,19,2018,14,0.0
154,210,6,20,2018,14,0.0
1,131,1,1,2018,15,25.0
830,9,2,2,2018,15,18.0
20,6,3,3,2018,15,15.0
822,131,4,4,2018,15,12.0
8,6,5,5,2018,15,10.0
817,9,6,6,2018,15,8.0
4,1,11,7,2018,15,6.0
832,4,12,8,2018,15,4.0
844,15,13,9,2018,15,2.0
807,4,10,10,2018,15,1.0
828,15,14,11,2018,15,0.0
838,1,18,12,2018,15,0.0
842,5,15,13,2018,15,0.0
840,3,20,14,2018,15,0.0
154,210,8,15,2018,15,0.0
815,10,7,16,2018,15,0.0
843,5,17,17,2018,15,0.0
825,210,16,18,2018,15,0.0
845,3,19,19,2018,15,0.0
839,10,9,20,2018,15,0.0
1,131,2,1,2018,16,25.0
822,131,1,2,2018,16,18.0
20,6,3,3,2018,16,15.0
8,6,4,4,2018,16,12.0
830,9,19,5,2018,16,10.0
817,9,18,6,2018,16,8.0
844,15,7,7,2018,16,6.0
825,210,5,8,2018,16,4.0
839,10,6,9,2018,16,2.0
815,10,8,10,2018,16,1.0
154,210,9,11,2018,16,0.0
807,4,12,12,2018,16,0.0
828,15,10,13,2018,16,0.0
4,1,16,14,2018,16,0.0
840,3,14,15,2018,16,0.0
838,1,15,16,2018,16,0.0
832,4,11,17,2018,16,0.0
845,3,13,18,2018,16,0.0
842,5,17,19,2018,16,0.0
843,5,20,20,2018,16,0.0
1,131,1,1,2018,17,25.0
822,131,2,2,2018,17,18.0
830,9,3,3,2018,17,15.0
817,9,15,4,2018,17,12.0
8,6,4,5,2018,17,10.0
20,6,8,6,2018,17,8.0
815,10,9,7,2018,17,6.0
154,210,5,8,2018,17,4.0
839,10,11,9,2018,17,2.0
832,4,13,10,2018,17,1.0
842,5,7,11,2018,17,0.0
828,15,20,12,2018,17,0.0
843,5,6,13,2018,17,0.0
4,1,18,14,2018,17,0.0
838,1,19,15,2018,17,0.0
845,3,17,16,2018,17,0.0
840,3,14,17,2018,17,0.0
844,15,10,18,2018,17,0.0
807,4,16,19,2018,17,0.0
825,210,12,20,2018,17,0.0
8,6,2,1,2018,18,25.0
830,9,18,2,2018,18,18.0
1,131,1,3,2018,18,15.0
20,6,5,4,2018,18,12.0
822,131,3,5,2018,18,10.0
807,4,7,6,2018,18,8.0
832,4,11,7,2018,18,6.0
815,10,10,8,2018,18,4.0
843,5,20,9,2018,18,2.0
828,15,16,10,2018,18,1.0
838,1,17,11,2018,18,0.0
842,5,19,12,2018,18,0.0
845,3,14,13,2018,18,0.0
840,3,15,14,2018,18,0.0
844,15,9,15,2018,18,0.0
817,9,4,16,2018,18,0.0
154,210,8,17,2018,18,0.0
4,1,13,18,2018,18,0.0
839,10,6,19,2018,18,0.0
825,210,12,20,2018,18,0.0
830,9,2,1,2018,19,25.0
20,6,4,2,2018,19,18.0
8,6,6,3,2018,19,15.0
1,131,3,4,2018,19,12.0
822,131,5,5,2018,19,10.0
807,4,7,6,2018,19,8.0
844,15,9,7,2018,19,6.0
838,1,15,8,2018,19,4.0
828,15,10,9,2018,19,2.0
842,5,20,10,2018,19,1.0
839,10,11,11,2018,19,0.0
840,3,17,12,2018,19,0.0
845,3,19,13,2018,19,0.0
843,5,14,14,2018,19,0.0
825,210,16,15,2018,19,0.0
154,210,18,16,2018,19,0.0
817,9,1,17,2018,19,0.0
815,10,13,18,2018,19,0.0
832,4,8,19,2018,19,0.0
4,1,12,20,2018,19,0.0
1,131,1,1,2018,20,25.0
830,9,5,2,2018,20,18.0
8,6,4,3,2018,20,15.0
817,9,11,4,2018,20,12.0
822,131,3,5,2018,20,10.0
20,6,2,6,2018,20,8.0
844,15,7,7,2018,20,6.0
154,210,8,8,2018,20,4.0
825,210,10,9,2018,20,2.0
815,10,12,10,2018,20,1.0
843,5,16,11,2018,20,0.0
832,4,15,12,2018,20,0.0
842,5,9,13,2018,20,0.0
838,1,20,14,2018,20,0.0
839,10,18,15,2018,20,0.0
845,3,14,16,2018,20,0.0
4,1,17,17,2018,20,0.0
840,3,19,18,2018,20,0.0
807,4,13,19,2018,20,0.0
828,15,6,20,2018,20,0.0
1,131,1,1,2018,21,25.0
20,6,3,2,2018,21,18.0
830,9,6,3,2018,21,15.0
817,9,5,4,2018,21,12.0
822,131,2,5,2018,21,10.0
832,4,11,6,2018,21,8.0
844,15,8,7,2018,21,6.0
815,10,14,8,2018,21,4.0
154,210,7,9,2018,21,2.0
825,210,13,10,2018,21,1.0
4,1,15,11,2018,21,0.0
843,5,16,12,2018,21,0.0
840,3,20,13,2018,21,0.0
838,1,18,14,2018,21,0.0
845,3,19,15,2018,21,0.0
842,5,17,16,2018,21,0.0
839,10,9,17,2018,21,0.0
828,15,12,18,2018,21,0.0
8,6,4,19,2018,21,0.0
807,4,10,20,2018,21,0.0
822,131,2,1,2019,1,26.0
1,131,1,2,2019,1,18.0
830,9,4,3,2019,1,15.0
20,6,3,4,2019,1,12.0
844,6,5,5,2019,1,10.0
825,210,7,6,2019,1,8.0
807,4,11,7,2019,1,6.0
8,51,9,8,2019,1,4.0
840,211,16,9,2019,1,2.0
826,5,15,10,2019,1,1.0
842,9,17,11,2019,1,0.0
846,1,8,12,2019,1,0.0
815,211,10,13,2019,1,0.0
848,5,13,14,2019,1,0.0
841,51,14,15,2019,1,0.0
847,3,19,16,2019,1,0.0
9,3,20,17,2019,1,0.0
154,210,6,18,2019,1,0.0
817,4,12,19,2019,1,0.0
832,1,18,20,2019,1,0.0
1,131,3,1,2019,2,25.0
822,131,4,2,2019,2,18.0
844,6,1,3,2019,2,16.0
830,9,5,4,2019,2,12.0
20,6,2,5,2019,2,10.0
846,1,9,6,2019,2,8.0
8,51,8,7,2019,2,6.0
842,9,13,8,2019,2,4.0
848,5,12,9,2019,2,2.0
815,211,14,10,2019,2,1.0
841,51,16,11,2019,2,0.0
826,5,15,12,2019,2,0.0
825,210,6,13,2019,2,0.0
840,211,18,14,2019,2,0.0
847,3,19,15,2019,2,0.0
9,3,20,16,2019,2,0.0
807,4,17,17,2019,2,0.0
817,4,10,18,2019,2,0.0
832,1,7,19,2019,2,0.0
154,210,11,20,2019,2,0.0
1,131,2,1,2019,3,25.0
822,131,1,2,2019,3,18.0
20,6,3,3,2019,3,15.0
830,9,5,4,2019,3,12.0
844,6,4,5,2019,3,10.0
842,9,6,6,2019,3,9.0
817,4,7,7,2019,3,6.0
815,211,12,8,2019,3,4.0
8,51,13,9,2019,3,2.0
848,5,0,10,2019,3,1.0
154,210,10,11,2019,3,0.0
840,211,16,12,2019,3,0.0
825,210,9,13,2019,3,0.0
832,1,14,14,2019,3,0.0
841,51,19,15,2019,3,0.0
847,3,17,16,2019,3,0.0
9,3,18,17,2019,3,0.0
846,1,15,18,2019,3,0.0
826,5,11,19,2019,3,0.0
807,4,8,20,2019,3,0.0
822,131,1,1,2019,4,25.0
1,131,2,2,2019,4,18.0
20,6,3,3,2019,4,15.0
830,9,4,4,2019,4,12.0
844,6,8,5,2019,4,11.0
815,211,5,6,2019,4,8.0
832,1,9,7,2019,4,6.0
846,1,7,8,2019,4,4.0
840,211,13,9,2019,4,2.0
8,51,0,10,2019,4,1.0
848,5,11,11,2019,4,0.0
841,51,17,12,2019,4,0.0
825,210,12,13,2019,4,0.0
807,4,15,14,2019,4,0.0
847,3,16,15,2019,4,0.0
9,3,0,16,2019,4,0.0
842,9,0,17,2019,4,0.0
154,210,14,18,2019,4,0.0
826,5,6,19,2019,4,0.0
817,4,10,20,2019,4,0.0
1,131,2,1,2019,5,26.0
822,131,1,2,2019,5,18.0
830,9,4,3,2019,5,15.0
20,6,3,4,2019,5,12.0
844,6,5,5,2019,5,10.0
842,9,6,6,2019,5,8.0
825,210,8,7,2019,5,6.0
832,1,12,8,2019,5,4.0
826,5,9,9,2019,5,2.0
154,210,7,10,2019,5,1.0
848,5,11,11,2019,5,0.0
817,4,13,12,2019,5,0.0
807,4,0,13,2019,5,0.0
8,51,14,14,2019,5,0.0
815,211,15,15,2019,5,0.0
841,51,18,16,2019,5,0.0
847,3,19,17,2019,5,0.0
9,3,17,18,2019,5,0.0
840,211,16,19,2019,5,0.0
846,1,10,20,2019,5,0.0
1,131,1,1,2019,6,25.0
20,6,4,2,2019,6,18.0
822,131,2,3,2019,6,15.0
830,9,3,4,2019,6,12.0
842,9,8,5,2019,6,11.0
832,1,9,6,2019,6,8.0
826,5,7,7,2019,6,6.0
848,5,10,8,2019,6,4.0
817,4,6,9,2019,6,2.0
154,210,13,10,2019,6,1.0
846,1,12,11,2019,6,0.0
825,210,5,14,2019,6,0.0
815,211,16,12,2019,6,0.0
807,4,11,13,2019,6,0.0
847,3,19,15,2019,6,0.0
840,211,17,16,2019,6,0.0
8,51,14,17,2019,6,0.0
9,3,20,18,2019,6,0.0
841,51,18,19,2019,6,0.0
844,6,15,20,2019,6,0.0
1,131,2,1,2019,7,25.0
20,6,1,2,2019,7,18.0
844,6,3,3,2019,7,15.0
822,131,6,4,2019,7,13.0
830,9,9,5,2019,7,10.0
817,4,4,6,2019,7,8.0
807,4,7,7,2019,7,6.0
842,9,5,8,2019,7,4.0
840,211,17,9,2019,7,2.0
826,5,10,10,2019,7,1.0
832,1,11,11,2019,7,0.0
815,211,15,12,2019,7,0.0
841,51,12,13,2019,7,0.0
154,210,14,14,2019,7,0.0
8,51,16,15,2019,7,0.0
847,3,18,16,2019,7,0.0
825,210,0,17,2019,7,0.0
9,3,19,18,2019,7,0.0
848,5,13,19,2019,7,0.0
846,1,8,20,2019,7,0.0
1,131,1,1,2019,8,25.0
822,131,2,2,2019,8,18.0
844,6,3,3,2019,8,15.0
830,9,4,4,2019,8,12.0
20,6,7,5,2019,8,11.0
832,1,6,6,2019,8,8.0
8,51,12,7,2019,8,6.0
807,4,13,8,2019,8,4.0
846,1,5,9,2019,8,2.0
842,9,9,10,2019,8,1.0
817,4,8,11,2019,8,0.0
815,211,14,12,2019,8,0.0
840,211,17,13,2019,8,0.0
826,5,19,14,2019,8,0.0
848,5,11,15,2019,8,0.0
841,51,10,16,2019,8,0.0
825,210,15,17,2019,8,0.0
9,3,18,18,2019,8,0.0
847,3,20,19,2019,8,0.0
154,210,16,20,2019,8,0.0
830,9,2,1,2019,9,26.0
844,6,1,2,2019,9,18.0
822,131,3,3,2019,9,15.0
20,6,9,4,2019,9,12.0
1,131,4,5,2019,9,10.0
846,1,5,6,2019,9,8.0
842,9,8,7,2019,9,6.0
832,1,19,8,2019,9,4.0
8,51,6,9,2019,9,2.0
841,51,7,10,2019,9,1.0
815,211,13,11,2019,9,0.0
817,4,12,12,2019,9,0.0
807,4,15,13,2019,9,0.0
840,211,14,14,2019,9,0.0
848,5,18,15,2019,9,0.0
154,210,11,16,2019,9,0.0
826,5,16,17,2019,9,0.0
847,3,0,18,2019,9,0.0
825,210,10,19,2019,9,0.0
9,3,17,20,2019,9,0.0
1,131,2,1,2019,10,26.0
822,131,1,2,2019,10,18.0
844,6,3,3,2019,10,15.0
842,9,5,4,2019,10,12.0
830,9,4,5,2019,10,10.0
832,1,13,6,2019,10,8.0
817,4,7,7,2019,10,6.0
8,51,12,8,2019,10,4.0
826,5,17,9,2019,10,2.0
807,4,10,10,2019,10,1.0
846,1,8,11,2019,10,0.0
848,5,9,12,2019,10,0.0
840,211,18,13,2019,10,0.0
847,3,19,14,2019,10,0.0
9,3,20,15,2019,10,0.0
20,6,6,16,2019,10,0.0
815,211,15,17,2019,10,0.0
841,51,11,18,2019,10,0.0
154,210,14,19,2019,10,0.0
825,210,16,20,2019,10,0.0
830,9,2,1,2019,11,26.0
20,6,20,2,2019,11,18.0
826,5,14,3,2019,11,15.0
840,211,15,4,2019,11,12.0
832,1,7,5,2019,11,10.0
848,5,16,6,2019,11,8.0
154,210,6,7,2019,11,6.0
825,210,12,8,2019,11,4.0
1,131,1,9,2019,11,2.0
9,3,18,10,2019,11,1.0
847,3,17,11,2019,11,0.0
8,51,5,12,2019,11,0.0
841,51,11,13,2019,11,0.0
842,9,4,14,2019,11,0.0
822,131,3,15,2019,11,0.0
807,4,9,16,2019,11,0.0
844,6,10,17,2019,11,0.0
846,1,19,18,2019,11,0.0
817,4,13,19,2019,11,0.0
815,211,8,20,2019,11,0.0
1,131,3,1,2019,12,25.0
830,9,1,2,2019,12,19.0
20,6,5,3,2019,12,15.0
844,6,4,4,2019,12,12.0
832,1,8,5,2019,12,10.0
842,9,6,6,2019,12,8.0
8,51,10,7,2019,12,6.0
822,131,2,8,2019,12,4.0
846,1,7,9,2019,12,2.0
848,5,12,10,2019,12,1.0
815,211,16,11,2019,12,0.0
807,4,11,12,2019,12,0.0
825,210,14,13,2019,12,0.0
817,4,20,14,2019,12,0.0
826,5,13,15,2019,12,0.0
847,3,15,16,2019,12,0.0
840,211,18,17,2019,12,0.0
841,51,17,18,2019,12,0.0
9,3,19,19,2019,12,0.0
154,210,9,20,2019,12,0.0
844,6,1,1,2019,13,25.0
1,131,3,2,2019,13,18.0
822,131,4,3,2019,13,15.0
20,6,2,4,2019,13,13.0
848,9,17,5,2019,13,10.0
815,211,7,6,2019,13,8.0
826,5,19,7,2019,13,6.0
807,4,12,8,2019,13,4.0
842,5,13,9,2019,13,2.0
840,211,16,10,2019,13,1.0
846,1,11,11,2019,13,0.0
825,210,8,12,2019,13,0.0
154,210,9,13,2019,13,0.0
817,4,10,14,2019,13,0.0
847,3,14,15,2019,13,0.0
8,51,6,16,2019,13,0.0
9,3,0,17,2019,13,0.0
841,51,18,18,2019,13,0.0
832,1,15,19,2019,13,0.0
830,9,5,20,2019,13,0.0
844,6,1,1,2019,14,25.0
822,131,3,2,2019,14,18.0
1,131,2,3,2019,14,16.0
817,4,5,4,2019,14,12.0
807,4,6,5,2019,14,10.0
848,9,8,6,2019,14,8.0
815,211,18,7,2019,14,6.0
830,9,19,8,2019,14,4.0
841,51,10,9,2019,14,2.0
846,1,16,10,2019,14,1.0
842,5,17,11,2019,14,0.0
840,211,9,12,2019,14,0.0
20,6,4,13,2019,14,0.0
847,3,14,14,2019,14,0.0
8,51,0,15,2019,14,0.0
154,210,13,16,2019,14,0.0
9,3,15,17,2019,14,0.0
825,210,11,18,2019,14,0.0
826,5,12,19,2019,14,0.0
832,1,7,20,2019,14,0.0
20,6,3,1,2019,15,25.0
844,6,1,2,2019,15,18.0
830,9,4,3,2019,15,15.0
1,131,2,4,2019,15,12.0
822,131,5,5,2019,15,10.0
848,9,6,6,2019,15,8.0
846,1,9,7,2019,15,6.0
842,5,11,8,2019,15,4.0
807,4,8,9,2019,15,2.0
841,51,10,10,2019,15,1.0
154,210,17,11,2019,15,0.0
832,1,7,12,2019,15,0.0
840,211,16,13,2019,15,0.0
817,4,20,14,2019,15,0.0
826,5,14,15,2019,15,0.0
9,3,19,16,2019,15,0.0
825,210,13,17,2019,15,0.0
8,51,12,18,2019,15,0.0
815,211,15,19,2019,15,0.0
847,3,18,20,2019,15,0.0
1,131,2,1,2019,16,26.0
822,131,4,2,2019,16,18.0
844,6,1,3,2019,16,15.0
830,9,9,4,2019,16,12.0
848,9,0,5,2019,16,10.0
832,1,5,6,2019,16,8.0
815,211,11,7,2019,16,6.0
846,1,7,8,2019,16,4.0
825,210,13,9,2019,16,2.0
807,4,6,10,2019,16,1.0
840,211,14,11,2019,16,0.0
826,5,19,12,2019,16,0.0
8,51,15,13,2019,16,0.0
842,5,16,14,2019,16,0.0
841,51,12,15,2019,16,0.0
9,3,18,16,2019,16,0.0
847,3,17,17,2019,16,0.0
20,6,3,18,2019,16,0.0
817,4,10,19,2019,16,0.0
154,210,8,20,2019,16,0.0
822,131,3,1,2019,17,25.0
20,6,1,2,2019,17,18.0
1,131,4,3,2019,17,16.0
848,9,6,4,2019,17,12.0
832,1,7,5,2019,17,10.0
844,6,2,6,2019,17,8.0
842,5,9,7,2019,17,6.0
815,211,17,8,2019,17,4.0
840,211,12,9,2019,17,2.0
826,5,14,10,2019,17,1.0
846,1,8,11,2019,17,0.0
8,51,13,12,2019,17,0.0
154,210,10,13,2019,17,0.0
841,51,11,14,2019,17,0.0
825,210,19,15,2019,17,0.0
847,3,18,16,2019,17,0.0
9,3,0,17,2019,17,0.0
830,9,5,18,2019,17,0.0
817,4,16,19,2019,17,0.0
807,4,15,20,2019,17,0.0
1,131,3,1,2019,18,25.0
20,6,2,2,2019,18,18.0
822,131,6,3,2019,18,15.0
844,6,1,4,2019,18,13.0
848,9,5,5,2019,18,10.0
830,9,4,6,2019,18,8.0
815,211,11,7,2019,18,6.0
817,4,13,8,2019,18,4.0
842,5,10,9,2019,18,2.0
807,4,12,10,2019,18,1.0
826,5,9,11,2019,18,0.0
840,211,16,12,2019,18,0.0
832,1,7,13,2019,18,0.0
841,51,15,14,2019,18,0.0
825,210,17,15,2019,18,0.0
847,3,19,16,2019,18,0.0
154,210,18,17,2019,18,0.0
9,3,20,18,2019,18,0.0
8,51,14,19,2019,18,0.0
846,1,8,20,2019,18,0.0
822,131,1,1,2020,1,25.0
844,6,7,2,2020,1,18.0
846,1,3,3,2020,1,16.0
1,131,5,4,2020,1,12.0
832,1,8,5,2020,1,10.0
815,211,6,6,2020,1,8.0
842,213,12,7,2020,1,6.0
839,4,14,8,2020,1,4.0
841,51,18,9,2020,1,2.0
20,6,11,10,2020,1,1.0
849,3,20,11,2020,1,0.0
826,213,13,12,2020,1,0.0
848,9,4,13,2020,1,0.0
8,51,19,14,2020,1,0.0
847,3,17,15,2020,1,0.0
154,210,15,16,2020,1,0.0
825,210,16,17,2020,1,0.0
840,211,9,18,2020,1,0.0
817,4,10,19,2020,1,0.0
830,9,2,20,2020,1,0.0
822,131,1,1,2019,19,25.0
1,131,5,2,2019,19,18.0
830,9,3,3,2019,19,15.0
844,6,4,4,2019,19,13.0
848,9,6,5,2019,19,10.0
817,4,9,6,2019,19,8.0
846,1,8,7,2019,19,6.0
832,1,7,8,2019,19,4.0
807,4,11,9,2019,19,2.0
815,211,0,10,2019,19,1.0
8,51,17,11,2019,19,0.0
826,5,13,12,2019,19,0.0
840,211,14,13,2019,19,0.0
841,51,16,14,2019,19,0.0
154,210,15,15,2019,19,0.0
842,5,10,16,2019,19,0.0
847,3,18,17,2019,19,0.0
825,210,12,18,2019,19,0.0
9,3,19,19,2019,19,0.0
20,6,2,20,2019,19,0.0
830,9,1,1,2019,20,25.0
842,5,6,2,2019,20,18.0
832,1,20,3,2019,20,15.0
8,51,8,4,2019,20,12.0
841,51,12,5,2019,20,10.0
817,4,11,6,2019,20,8.0
1,131,3,7,2019,20,6.0
846,1,10,8,2019,20,4.0
815,211,15,9,2019,20,2.0
826,5,16,10,2019,20,1.0
825,210,9,11,2019,20,0.0
847,3,18,12,2019,20,0.0
154,210,7,13,2019,20,0.0
848,9,5,14,2019,20,0.0
807,4,13,15,2019,20,0.0
9,3,19,16,2019,20,0.0
20,6,2,17,2019,20,0.0
844,6,14,18,2019,20,0.0
840,211,17,19,2019,20,0.0
822,131,4,20,2019,20,0.0
1,131,1,1,2019,21,26.0
830,9,2,2,2019,21,18.0
844,6,3,3,2019,21,15.0
822,131,20,4,2019,21,12.0
20,6,4,5,2019,21,10.0
848,9,5,6,2019,21,8.0
815,211,10,7,2019,21,6.0
846,1,6,8,2019,21,4.0
826,5,13,9,2019,21,2.0
832,1,8,10,2019,21,1.0
817,4,7,11,2019,21,0.0
807,4,9,12,2019,21,0.0
8,51,17,13,2019,21,0.0
825,210,14,14,2019,21,0.0
154,210,15,15,2019,21,0.0
841,51,16,16,2019,21,0.0
847,3,18,17,2019,21,0.0
842,5,11,18,2019,21,0.0
9,3,19,19,2019,21,0.0
840,211,12,20,2019,21,0.0
1,131,1,1,2020,2,25.0
822,131,4,2,2020,2,18.0
830,9,2,3,2020,2,15.0
848,9,6,4,2020,2,12.0
846,1,9,5,2020,2,10.0
815,211,17,6,2020,2,8.0
840,211,12,7,2020,2,6.0
817,4,8,8,2020,2,4.0
832,1,3,9,2020,2,3.0
826,213,13,10,2020,2,1.0
8,51,16,11,2020,2,0.0
825,210,15,12,2020,2,0.0
154,210,0,13,2020,2,0.0
841,51,19,14,2020,2,0.0
842,213,7,15,2020,2,0.0
847,3,11,16,2020,2,0.0
849,3,18,17,2020,2,0.0
839,4,5,18,2020,2,0.0
844,6,14,19,2020,2,0.0
20,6,10,20,2020,2,0.0
1,131,1,1,2020,3,26.0
830,9,7,2,2020,3,18.0
822,131,2,3,2020,3,15.0
840,211,3,4,2020,3,12.0
848,9,13,5,2020,3,10.0
20,6,5,6,2020,3,8.0
815,211,4,7,2020,3,6.0
817,4,11,8,2020,3,4.0
832,1,9,9,2020,3,2.0
825,210,0,10,2020,3,1.0
844,6,6,11,2020,3,0.0
826,213,17,12,2020,3,0.0
846,1,8,13,2020,3,0.0
839,4,14,14,2020,3,0.0
8,51,20,15,2020,3,0.0
154,210,0,16,2020,3,0.0
841,51,19,17,2020,3,0.0
847,3,12,18,2020,3,0.0
849,3,15,19,2020,3,0.0
842,213,10,20,2020,3,0.0
1,131,1,1,2020,4,25.0
830,9,3,2,2020,4,19.0
844,6,4,3,2020,4,15.0
817,4,8,4,2020,4,12.0
846,1,5,5,2020,4,10.0
839,4,9,6,2020,4,8.0
842,213,11,7,2020,4,6.0
848,9,12,8,2020,4,4.0
840,211,6,9,2020,4,2.0
20,6,10,10,2020,4,1.0
822,131,2,11,2020,4,0.0
847,3,20,12,2020,4,0.0
832,1,7,13,2020,4,0.0
841,51,15,14,2020,4,0.0
849,3,18,15,2020,4,0.0
154,210,17,16,2020,4,0.0
8,51,16,17,2020,4,0.0
826,213,19,18,2020,4,0.0
825,210,14,19,2020,4,0.0
807,211,13,20,2020,4,0.0
830,9,4,1,2020,5,25.0
1,131,2,2,2020,5,19.0
822,131,1,3,2020,5,15.0
844,6,8,4,2020,5,12.0
848,9,9,5,2020,5,10.0
840,211,6,6,2020,5,8.0
807,211,3,7,2020,5,6.0
839,4,14,8,2020,5,4.0
846,1,10,9,2020,5,2.0
826,213,16,10,2020,5,1.0
842,213,7,11,2020,5,0.0
20,6,11,12,2020,5,0.0
832,1,12,13,2020,5,0.0
817,4,5,14,2020,5,0.0
8,51,20,15,2020,5,0.0
154,210,13,16,2020,5,0.0
841,51,19,17,2020,5,0.0
847,3,15,18,2020,5,0.0
849,3,18,19,2020,5,0.0
825,210,17,20,2020,5,0.0
1,131,1,1,2020,6,25.0
830,9,3,2,2020,6,18.0
822,131,2,3,2020,6,16.0
840,211,5,4,2020,6,12.0
815,211,4,5,2020,6,10.0
832,1,7,6,2020,6,8.0
20,6,11,7,2020,6,6.0
848,9,6,8,2020,6,4.0
842,213,10,9,2020,6,2.0
846,1,8,10,2020,6,1.0
817,4,13,11,2020,6,0.0
826,213,12,12,2020,6,0.0
839,4,15,13,2020,6,0.0
8,51,14,14,2020,6,0.0
825,210,16,15,2020,6,0.0
841,51,20,16,2020,6,0.0
847,3,18,17,2020,6,0.0
849,3,19,18,2020,6,0.0
154,210,17,19,2020,6,0.0
844,6,9,20,2020,6,0.0
1,131,1,1,2020,7,25.0
822,131,2,2,2020,7,18.0
830,9,3,3,2020,7,15.0
817,4,4,4,2020,7,13.0
839,4,6,5,2020,7,10.0
848,9,5,6,2020,7,8.0
846,1,10,7,2020,7,6.0
842,213,12,8,2020,7,4.0
840,211,9,9,2020,7,2.0
815,211,8,10,2020,7,1.0
826,213,11,11,2020,7,0.0
8,51,16,12,2020,7,0.0
20,6,14,13,2020,7,0.0
844,6,13,14,2020,7,0.0
154,210,17,15,2020,7,0.0
849,3,19,16,2020,7,0.0
825,210,20,17,2020,7,0.0
841,51,18,18,2020,7,0.0
847,3,15,19,2020,7,0.0
832,1,7,20,2020,7,0.0
842,213,10,1,2020,8,25.0
832,1,3,2,2020,8,18.0
840,211,8,3,2020,8,15.0
846,1,6,4,2020,8,12.0
822,131,2,5,2020,8,10.0
817,4,7,6,2020,8,8.0
1,131,1,7,2020,8,7.0
839,4,12,8,2020,8,4.0
826,213,11,9,2020,8,2.0
815,211,4,10,2020,8,1.0
849,3,20,11,2020,8,0.0
154,210,16,12,2020,8,0.0
8,51,14,13,2020,8,0.0
847,3,19,14,2020,8,0.0
848,9,9,15,2020,8,0.0
841,51,18,16,2020,8,0.0
830,9,5,17,2020,8,0.0
844,6,13,18,2020,8,0.0
825,210,15,19,2020,8,0.0
20,6,17,20,2020,8,0.0
1,131,1,1,2020,9,26.0
822,131,2,2,2020,9,18.0
848,9,4,3,2020,9,15.0
817,4,8,4,2020,9,12.0
815,211,7,5,2020,9,10.0
846,1,11,6,2020,9,8.0
826,213,12,7,2020,9,6.0
844,6,5,8,2020,9,4.0
8,51,13,9,2020,9,2.0
20,6,14,10,2020,9,1.0
847,3,18,11,2020,9,0.0
154,210,15,12,2020,9,0.0
840,211,6,13,2020,9,0.0
839,4,10,14,2020,9,0.0
849,3,19,15,2020,9,0.0
825,210,20,16,2020,9,0.0
841,51,17,17,2020,9,0.0
832,1,9,18,2020,9,0.0
830,9,3,19,2020,9,0.0
842,213,16,20,2020,9,0.0
822,131,3,1,2020,10,26.0
830,9,2,2,2020,10,18.0
1,131,1,3,2020,10,15.0
815,211,4,4,2020,10,12.0
817,4,5,5,2020,10,10.0
844,6,10,6,2020,10,8.0
839,4,7,7,2020,10,6.0
826,213,11,8,2020,10,4.0
842,213,9,9,2020,10,2.0
848,9,15,10,2020,10,1.0
841,51,17,11,2020,10,0.0
825,210,18,12,2020,10,0.0
20,6,14,13,2020,10,0.0
8,51,19,14,2020,10,0.0
846,1,8,15,2020,10,0.0
849,3,20,16,2020,10,0.0
154,210,16,17,2020,10,0.0
847,3,13,18,2020,10,0.0
832,1,6,19,2020,10,0.0
840,211,12,20,2020,10,0.0
1,131,2,1,2020,11,25.0
830,9,3,2,2020,11,19.0
817,4,6,3,2020,11,15.0
815,211,9,4,2020,11,12.0
832,1,10,5,2020,11,10.0
842,213,12,6,2020,11,8.0
844,6,4,7,2020,11,6.0
807,211,20,8,2020,11,4.0
154,210,16,9,2020,11,2.0
841,51,14,10,2020,11,1.0
20,6,11,11,2020,11,0.0
8,51,19,12,2020,11,0.0
825,210,15,13,2020,11,0.0
849,3,18,14,2020,11,0.0
826,213,13,15,2020,11,0.0
846,1,8,16,2020,11,0.0
848,9,5,17,2020,11,0.0
839,4,7,18,2020,11,0.0
822,131,1,19,2020,11,0.0
847,3,17,20,2020,11,0.0
1,131,1,1,2020,12,26.0
822,131,2,2,2020,12,18.0
830,9,3,3,2020,12,15.0
844,6,4,4,2020,12,12.0
842,213,9,5,2020,12,10.0
832,1,7,6,2020,12,8.0
815,211,5,7,2020,12,6.0
839,4,11,8,2020,12,4.0
817,4,10,9,2020,12,2.0
20,6,15,10,2020,12,1.0
8,51,16,11,2020,12,0.0
848,9,6,12,2020,12,0.0
846,1,8,13,2020,12,0.0
847,3,14,14,2020,12,0.0
841,51,17,15,2020,12,0.0
825,210,19,16,2020,12,0.0
154,210,18,17,2020,12,0.0
849,3,20,18,2020,12,0.0
826,213,13,19,2020,12,0.0
840,211,12,20,2020,12,0.0
1,131,2,1,2020,13,26.0
822,131,1,2,2020,13,18.0
817,4,5,3,2020,13,15.0
826,213,8,4,2020,13,12.0
844,6,7,5,2020,13,10.0
815,211,11,6,2020,13,8.0
832,1,10,7,2020,13,6.0
846,1,9,8,2020,13,4.0
8,51,18,9,2020,13,2.0
841,51,20,10,2020,13,1.0
849,3,19,11,2020,13,0.0
20,6,14,12,2020,13,0.0
840,211,15,13,2020,13,0.0
154,210,16,14,2020,13,0.0
848,9,6,15,2020,13,0.0
847,3,13,16,2020,13,0.0
830,9,3,17,2020,13,0.0
825,210,17,18,2020,13,0.0
839,4,12,19,2020,13,0.0
842,213,4,20,2020,13,0.0
1,131,6,1,2020,14,25.0
815,211,3,2,2020,14,18.0
20,6,11,3,2020,14,15.0
844,6,12,4,2020,14,12.0
832,1,15,5,2020,14,10.0
830,9,2,6,2020,14,8.0
848,9,4,7,2020,14,6.0
846,1,14,8,2020,14,5.0
840,211,1,9,2020,14,2.0
817,4,5,10,2020,14,1.0
839,4,7,11,2020,14,0.0
826,213,16,12,2020,14,0.0
842,213,19,13,2020,14,0.0
822,131,9,14,2020,14,0.0
8,51,8,15,2020,14,0.0
847,3,0,16,2020,14,0.0
825,210,13,17,2020,14,0.0
154,210,17,18,2020,14,0.0
849,3,0,19,2020,14,0.0
841,51,10,20,2020,14,0.0
1,131,1,1,2020,15,25.0
830,9,3,2,2020,15,19.0
848,9,4,3,2020,15,15.0
846,1,9,4,2020,15,12.0
832,1,15,5,2020,15,10.0
842,213,8,6,2020,15,8.0
817,4,6,7,2020,15,6.0
822,131,2,8,2020,15,4.0
839,4,7,9,2020,15,2.0
844,6,12,10,2020,15,1.0
826,213,10,11,2020,15,0.0
847,3,14,12,2020,15,0.0
20,6,11,13,2020,15,0.0
849,3,20,14,2020,15,0.0
8,51,17,15,2020,15,0.0
841,51,16,16,2020,15,0.0
825,210,18,17,2020,15,0.0
815,211,5,18,2020,15,0.0
840,211,13,19,2020,15,0.0
154,210,19,20,2020,15,0.0
815,211,5,1,2020,16,25.0
839,4,11,2,2020,16,18.0
840,211,10,3,2020,16,15.0
832,1,8,4,2020,16,12.0
817,4,7,5,2020,16,10.0
848,9,12,6,2020,16,8.0
826,213,6,7,2020,16,6.0
822,131,1,8,2020,16,4.0
847,131,2,9,2020,16,3.0
846,1,19,10,2020,16,1.0
842,213,9,11,2020,16,0.0
20,6,13,12,2020,16,0.0
841,51,14,13,2020,16,0.0
8,51,18,14,2020,16,0.0
825,210,15,15,2020,16,0.0
851,3,17,16,2020,16,0.0
850,210,20,17,2020,16,0.0
849,3,16,18,2020,16,0.0
830,9,3,19,2020,16,0.0
844,6,4,20,2020,16,0.0
830,9,1,1,2020,17,25.0
822,131,2,2,2020,17,18.0
1,131,3,3,2020,17,15.0
848,9,5,4,2020,17,12.0
846,1,4,5,2020,17,10.0
832,1,6,6,2020,17,8.0
817,4,11,7,2020,17,7.0
842,213,9,8,2020,17,4.0
839,4,10,9,2020,17,2.0
840,211,8,10,2020,17,1.0
826,213,7,11,2020,17,0.0
8,51,15,12,2020,17,0.0
844,6,12,13,2020,17,0.0
20,6,13,14,2020,17,0.0
847,3,16,15,2020,17,0.0
841,51,14,16,2020,17,0.0
849,3,18,17,2020,17,0.0
825,210,20,18,2020,17,0.0
850,210,17,19,2020,17,0.0
815,211,19,20,2020,17,0.0
1,131,2,1,2021,1,25.0
830,9,1,2,2021,1,18.0
822,131,3,3,2021,1,16.0
846,1,7,4,2021,1,12.0
815,9,0,5,2021,1,10.0
844,6,4,6,2021,1,8.0
817,1,6,7,2021,1,6.0
832,6,8,8,2021,1,4.0
852,213,13,9,2021,1,2.0
840,117,10,10,2021,1,1.0
8,51,14,11,2021,1,0.0
841,51,12,12,2021,1,0.0
839,214,16,13,2021,1,0.0
847,3,15,14,2021,1,0.0
20,117,20,15,2021,1,0.0
854,210,18,16,2021,1,0.0
842,213,5,17,2021,1,0.0
849,3,17,18,2021,1,0.0
4,214,9,19,2021,1,0.0
853,210,19,20,2021,1,0.0
830,9,3,1,2021,2,25.0
1,131,1,2,2021,2,19.0
846,1,7,3,2021,2,15.0
844,6,4,4,2021,2,12.0
832,6,11,5,2021,2,10.0
817,1,6,6,2021,2,8.0
842,213,5,7,2021,2,6.0
840,117,10,8,2021,2,4.0
839,214,9,9,2021,2,2.0
4,214,15,10,2021,2,1.0
815,9,2,11,2021,2,0.0
852,213,20,12,2021,2,0.0
8,51,16,13,2021,2,0.0
841,51,17,14,2021,2,0.0
20,117,0,15,2021,2,0.0
854,210,18,16,2021,2,0.0
853,210,19,17,2021,2,0.0
822,131,8,18,2021,2,0.0
847,3,12,19,2021,2,0.0
849,3,14,20,2021,2,0.0
1,131,2,1,2021,3,25.0
830,9,3,2,2021,3,18.0
822,131,1,3,2021,3,16.0
815,9,4,4,2021,3,12.0
846,1,7,5,2021,3,10.0
844,6,8,6,2021,3,8.0
839,214,6,7,2021,3,6.0
4,214,13,8,2021,3,4.0
817,1,16,9,2021,3,2.0
842,213,9,10,2021,3,1.0
832,6,5,11,2021,3,0.0
841,51,12,12,2021,3,0.0
20,117,10,13,2021,3,0.0
840,117,17,14,2021,3,0.0
852,213,14,15,2021,3,0.0
847,3,11,16,2021,3,0.0
854,210,19,17,2021,3,0.0
849,3,18,18,2021,3,0.0
853,210,20,19,2021,3,0.0
8,51,15,20,2021,3,0.0
1,131,1,1,2021,4,25.0
830,9,2,2,2021,4,19.0
822,131,3,3,2021,4,15.0
844,6,4,4,2021,4,12.0
815,9,8,5,2021,4,10.0
817,1,7,6,2021,4,8.0
832,6,6,7,2021,4,6.0
846,1,9,8,2021,4,4.0
839,214,5,9,2021,4,2.0
842,213,12,10,2021,4,1.0
840,117,11,11,2021,4,0.0
8,51,17,12,2021,4,0.0
20,117,13,13,2021,4,0.0
847,3,15,14,2021,4,0.0
841,51,14,15,2021,4,0.0
849,3,19,16,2021,4,0.0
4,214,10,17,2021,4,0.0
854,210,18,18,2021,4,0.0
853,210,20,19,2021,4,0.0
852,213,16,20,2021,4,0.0
832,6,4,2,2021,5,18.0
830,9,2,1,2021,5,25.0
846,1,5,3,2021,5,15.0
815,9,9,4,2021,5,12.0
20,117,8,5,2021,5,10.0
842,213,6,6,2021,5,8.0
1,131,7,7,2021,5,7.0
840,117,13,8,2021,5,4.0
839,214,11,9,2021,5,2.0
841,51,10,10,2021,5,1.0
8,51,14,11,2021,5,0.0
817,1,12,12,2021,5,0.0
4,214,17,13,2021,5,0.0
847,3,15,14,2021,5,0.0
849,3,18,15,2021,5,0.0
852,213,16,16,2021,5,0.0
853,210,19,17,2021,5,0.0
854,210,20,18,2021,5,0.0
822,131,3,19,2021,5,0.0
844,6,1,20,2021,5,0.0
815,9,6,1,2021,6,25.0
20,117,11,2,2021,6,18.0
842,213,4,3,2021,6,15.0
844,6,1,4,2021,6,12.0
846,1,9,5,2021,6,10.0
4,214,8,6,2021,6,8.0
852,213,7,7,2021,6,6.0
832,6,5,8,2021,6,4.0
817,1,13,9,2021,6,2.0
8,51,14,10,2021,6,1.0
841,51,20,11,2021,6,0.0
822,131,10,12,2021,6,0.0
854,210,17,13,2021,6,0.0
853,210,18,14,2021,6,0.0
1,131,2,15,2021,6,0.0
849,3,16,16,2021,6,0.0
847,3,15,17,2021,6,0.0
830,9,3,18,2021,6,0.0
840,117,19,19,2021,6,0.0
839,214,12,20,2021,6,0.0
830,9,1,1,2021,7,26.0
1,131,2,2,2021,7,18.0
815,9,4,3,2021,7,15.0
822,131,3,4,2021,7,12.0
846,1,8,5,2021,7,10.0
817,1,10,6,2021,7,8.0
842,213,6,7,2021,7,6.0
4,214,9,8,2021,7,4.0
20,117,12,9,2021,7,2.0
840,117,19,10,2021,7,1.0
832,6,5,11,2021,7,0.0
847,3,14,12,2021,7,0.0
852,213,0,13,2021,7,0.0
839,214,11,14,2021,7,0.0
841,51,13,15,2021,7,0.0
844,6,7,16,2021,7,0.0
8,51,17,17,2021,7,0.0
849,3,16,18,2021,7,0.0
854,210,15,19,2021,7,0.0
853,210,18,20,2021,7,0.0
830,9,1,1,2021,8,25.0
1,131,2,2,2021,8,19.0
822,131,5,3,2021,8,15.0
815,9,4,4,2021,8,12.0
846,1,3,5,2021,8,10.0
832,6,12,6,2021,8,8.0
844,6,7,7,2021,8,6.0
840,117,9,8,2021,8,4.0
4,214,8,9,2021,8,2.0
852,213,11,10,2021,8,1.0
8,51,18,11,2021,8,0.0
20,117,14,12,2021,8,0.0
817,1,13,13,2021,8,0.0
839,214,17,14,2021,8,0.0
841,51,15,15,2021,8,0.0
854,210,19,16,2021,8,0.0
849,3,16,17,2021,8,0.0
853,210,20,18,2021,8,0.0
847,3,10,19,2021,8,0.0
842,213,6,20,2021,8,0.0
830,9,1,1,2021,9,26.0
822,131,5,2,2021,9,18.0
846,1,2,3,2021,9,15.0
1,131,4,4,2021,9,12.0
832,6,10,5,2021,9,10.0
815,9,3,6,2021,9,8.0
817,1,13,7,2021,9,6.0
844,6,12,8,2021,9,4.0
842,213,6,9,2021,9,2.0
4,214,14,10,2021,9,1.0
847,3,8,11,2021,9,0.0
852,213,7,12,2021,9,0.0
840,117,9,13,2021,9,0.0
841,51,15,14,2021,9,0.0
8,51,16,15,2021,9,0.0
849,3,18,16,2021,9,0.0
20,117,11,17,2021,9,0.0
854,210,19,18,2021,9,0.0
853,210,20,19,2021,9,0.0
839,214,17,20,2021,9,0.0
1,131,2,1,2021,10,25.0
844,6,4,2,2021,10,18.0
822,131,3,3,2021,10,15.0
846,1,5,4,2021,10,12.0
817,1,6,5,2021,10,10.0
832,6,10,6,2021,10,8.0
4,214,7,7,2021,10,6.0
840,117,14,8,2021,10,4.0
839,214,9,9,2021,10,2.0
852,213,16,10,2021,10,1.0
842,213,11,11,2021,10,0.0
847,3,12,12,2021,10,0.0
841,51,15,13,2021,10,0.0
849,3,17,14,2021,10,0.0
8,51,13,15,2021,10,0.0
815,9,0,16,2021,10,0.0
853,210,19,17,2021,10,0.0
854,210,18,18,2021,10,0.0
20,117,8,19,2021,10,0.0
830,9,1,20,2021,10,0.0
839,214,8,1,2021,11,25.0
1,131,1,2,2021,11,18.0
832,6,15,3,2021,11,15.0
4,214,9,4,2021,11,12.0
842,213,5,5,2021,11,11.0
852,213,16,6,2021,11,8.0
849,3,18,7,2021,11,6.0
847,3,17,8,2021,11,4.0
830,9,3,9,2021,11,2.0
8,51,13,10,2021,11,1.0
817,1,11,11,2021,11,0.0
854,210,20,12,2021,11,0.0
841,51,0,13,2021,11,0.0
853,210,19,14,2021,11,0.0
846,1,6,15,2021,11,0.0
822,131,2,16,2021,11,0.0
815,9,4,17,2021,11,0.0
844,6,7,18,2021,11,0.0
840,117,12,19,2021,11,0.0
20,117,10,20,2021,11,0.0
830,9,1,1,2021,12,12.5
847,3,2,2,2021,12,9.0
1,131,3,3,2021,12,7.5
817,1,4,4,2021,12,6.0
20,117,5,5,2021,12,5.0
842,213,6,6,2021,12,4.0
839,214,8,7,2021,12,3.0
844,6,9,8,2021,12,2.0
849,3,10,9,2021,12,1.0
832,6,11,10,2021,12,0.5
4,214,12,11,2021,12,0.0
822,131,13,12,2021,12,0.0
841,51,14,13,2021,12,0.0
846,1,15,14,2021,12,0.0
852,213,16,15,2021,12,0.0
854,210,17,16,2021,12,0.0
853,210,18,17,2021,12,0.0
8,51,0,18,2021,12,0.0
815,9,0,19,2021,12,0.0
840,117,19,20,2021,12,0.0
830,9,1,1,2021,13,25.0
1,131,2,2,2021,13,19.0
822,131,3,3,2021,13,15.0
842,213,4,4,2021,13,12.0
844,6,5,5,2021,13,10.0
4,214,9,6,2021,13,8.0
832,6,6,7,2021,13,6.0
815,9,0,8,2021,13,4.0
839,214,8,9,2021,13,2.0
846,1,13,10,2021,13,1.0
817,1,10,11,2021,13,0.0
840,117,12,12,2021,13,0.0
20,117,15,13,2021,13,0.0
841,51,7,14,2021,13,0.0
9,51,16,15,2021,13,0.0
849,3,0,16,2021,13,0.0
847,3,11,17,2021,13,0.0
854,210,17,18,2021,13,0.0
852,213,14,19,2021,13,0.0
853,210,18,20,2021,13,0.0
817,1,2,1,2021,14,26.0
846,1,3,2,2021,14,18.0
822,131,19,3,2021,14,15.0
844,6,5,4,2021,14,12.0
815,9,8,5,2021,14,10.0
832,6,6,6,2021,14,8.0
840,117,9,7,2021,14,6.0
4,214,10,8,2021,14,4.0
847,3,14,9,2021,14,2.0
839,214,12,10,2021,14,1.0
849,3,13,11,2021,14,0.0
20,117,11,12,2021,14,0.0
841,51,7,13,2021,14,0.0
9,51,17,14,2021,14,0.0
854,210,18,15,2021,14,0.0
853,210,16,16,2021,14,0.0
1,131,4,17,2021,14,0.0
830,9,1,18,2021,14,0.0
842,213,0,19,2021,14,0.0
852,213,0,20,2021,14,0.0
1,131,4,1,2021,15,25.0
830,9,20,2,2021,15,18.0
832,6,2,3,2021,15,15.0
817,1,5,4,2021,15,12.0
822,131,16,5,2021,15,10.0
4,214,6,6,2021,15,8.0
846,1,1,7,2021,15,7.0
8,51,13,8,2021,15,4.0
815,9,8,9,2021,15,2.0
847,3,3,10,2021,15,1.0
840,117,7,11,2021,15,0.0
20,117,10,12,2021,15,0.0
842,213,11,13,2021,15,0.0
839,214,9,14,2021,15,0.0
844,6,19,15,2021,15,0.0
841,51,17,16,2021,15,0.0
852,213,12,17,2021,15,0.0
853,210,15,18,2021,15,0.0
849,3,18,19,2021,15,0.0
854,210,14,20,2021,15,0.0
822,131,1,1,2021,16,26.0
830,9,2,2,2021,16,18.0
815,9,6,3,2021,16,15.0
844,6,3,4,2021,16,12.0
1,131,11,5,2021,16,10.0
842,213,4,6,2021,16,8.0
846,1,7,7,2021,16,6.0
832,6,19,8,2021,16,4.0
840,117,8,9,2021,16,2.0
839,214,12,10,2021,16,1.0
841,51,16,11,2021,16,0.0
8,51,17,12,2021,16,0.0
817,1,20,13,2021,16,0.0
852,213,9,14,2021,16,0.0
847,3,13,15,2021,16,0.0
4,214,5,16,2021,16,0.0
849,3,15,17,2021,16,0.0
20,117,10,18,2021,16,0.0
854,210,14,19,2021,16,0.0
853,210,18,20,2021,16,0.0
830,9,1,1,2021,17,25.0
1,131,2,2,2021,17,19.0
815,9,3,3,2021,17,15.0
844,6,4,4,2021,17,12.0
817,1,6,5,2021,17,10.0
822,131,9,6,2021,17,8.0
832,6,5,7,2021,17,6.0
846,1,7,8,2021,17,4.0
852,213,10,9,2021,17,2.0
20,117,18,10,2021,17,1.0
841,51,12,11,2021,17,0.0
840,117,13,12,2021,17,0.0
8,51,15,13,2021,17,0.0
847,3,20,14,2021,17,0.0
849,3,14,15,2021,17,0.0
854,210,16,16,2021,17,0.0
853,210,17,17,2021,17,0.0
4,214,19,18,2021,17,0.0
839,214,11,19,2021,17,0.0
842,213,8,20,2021,17,0.0
830,9,3,1,2021,18,25.0
1,131,2,2,2021,18,18.0
815,9,4,3,2021,18,15.0
842,213,5,4,2021,18,12.0
844,6,8,5,2021,18,10.0
832,6,6,6,2021,18,8.0
20,117,9,7,2021,18,6.0
8,51,10,8,2021,18,4.0
4,214,12,9,2021,18,2.0
846,1,18,10,2021,18,1.0
841,51,11,11,2021,18,0.0
817,1,7,12,2021,18,0.0
839,214,19,13,2021,18,0.0
840,117,20,14,2021,18,0.0
822,131,1,15,2021,18,0.0
847,3,16,16,2021,18,0.0
849,3,13,17,2021,18,0.0
853,210,15,18,2021,18,0.0
854,210,14,19,2021,18,0.0
852,213,17,20,2021,18,0.0
1,131,10,1,2021,19,25.0
830,9,2,2,2021,19,18.0
822,131,1,3,2021,19,15.0
815,9,4,4,2021,19,13.0
844,6,6,5,2021,19,10.0
832,6,3,6,2021,19,8.0
842,213,7,7,2021,19,6.0
839,214,8,8,2021,19,4.0
4,214,12,9,2021,19,2.0
846,1,5,10,2021,19,1.0
20,117,9,11,2021,19,0.0
8,51,0,12,2021,19,0.0
847,3,17,13,2021,19,0.0
841,51,13,14,2021,19,0.0
852,213,15,15,2021,19,0.0
849,3,16,16,2021,19,0.0
853,210,19,17,2021,19,0.0
854,210,18,18,2021,19,0.0
817,1,11,19,2021,19,0.0
840,117,14,20,2021,19,0.0
1,131,1,1,2021,20,25.0
830,9,7,2,2021,20,19.0
4,214,3,3,2021,20,15.0
815,9,11,4,2021,20,12.0
839,214,9,5,2021,20,10.0
840,117,12,6,2021,20,8.0
832,6,5,7,2021,20,6.0
844,6,13,8,2021,20,4.0
846,1,4,9,2021,20,2.0
20,117,10,10,2021,20,1.0
842,213,2,11,2021,20,0.0
817,1,14,12,2021,20,0.0
852,213,8,13,2021,20,0.0
8,51,16,14,2021,20,0.0
841,51,18,15,2021,20,0.0
854,210,19,16,2021,20,0.0
847,3,15,17,2021,20,0.0
853,210,20,18,2021,20,0.0
849,3,17,19,2021,20,0.0
822,131,6,20,2021,20,0.0
1,131,1,1,2021,21,26.0
830,9,3,2,2021,21,18.0
822,131,2,3,2021,21,15.0
839,214,9,4,2021,21,12.0
817,1,11,5,2021,21,10.0
842,213,6,6,2021,21,8.0
844,6,4,7,2021,21,6.0
832,6,15,8,2021,21,4.0
841,51,10,9,2021,21,2.0
846,1,7,10,2021,21,1.0
840,117,18,11,2021,21,0.0
849,3,16,12,2021,21,0.0
4,214,13,13,2021,21,0.0
852,213,8,14,2021,21,0.0
8,51,12,15,2021,21,0.0
20,117,17,16,2021,21,0.0
815,9,5,17,2021,21,0.0
853,210,20,18,2021,21,0.0
847,3,14,19,2021,21,0.0
854,210,19,20,2021,21,0.0
830,9,1,1,2021,22,26.0
1,131,2,2,2021,22,18.0
832,6,5,3,2021,22,15.0
852,213,8,4,2021,22,12.0
842,213,12,5,2021,22,10.0
822,131,6,6,2021,22,8.0
846,1,3,7,2021,22,6.0
4,214,11,8,2021,22,4.0
839,214,9,9,2021,22,2.0
844,6,7,10,2021,22,1.0
20,117,15,11,2021,22,0.0
817,1,10,12,2021,22,0.0
840,117,13,13,2021,22,0.0
854,210,19,14,2021,22,0.0
815,9,4,15,2021,22,0.0
849,3,16,16,2021,22,0.0
841,51,14,17,2021,22,0.0
847,3,17,18,2021,22,0.0
8,51,18,19,2021,22,0.0
853,210,20,20,2021,22,0.0
844,6,1,1,2022,1,26.0
832,6,3,2,2022,1,18.0
1,131,5,3,2022,1,15.0
847,131,9,4,2022,1,12.0
825,210,7,5,2022,1,10.0
822,51,6,6,2022,1,8.0
839,214,11,7,2022,1,6.0
852,213,16,8,2022,1,4.0
4,214,8,9,2022,1,2.0
855,51,15,10,2022,1,1.0
854,210,12,11,2022,1,0.0
840,117,19,12,2022,1,0.0
848,3,14,13,2022,1,0.0
817,1,18,14,2022,1,0.0
846,1,13,15,2022,1,0.0
849,3,20,16,2022,1,0.0
807,117,17,17,2022,1,0.0
815,9,4,18,2022,1,0.0
830,9,2,19,2022,1,0.0
842,213,10,20,2022,1,0.0
830,9,4,1,2022,2,25.0
844,6,2,2,2022,2,19.0
832,6,3,3,2022,2,15.0
815,9,1,4,2022,2,12.0
847,131,6,5,2022,2,10.0
839,214,5,6,2022,2,8.0
846,1,11,7,2022,2,6.0
842,213,9,8,2022,2,4.0
825,210,10,9,2022,2,2.0
1,131,15,10,2022,2,1.0
855,51,12,11,2022,2,0.0
807,117,17,12,2022,2,0.0
840,117,13,13,2022,2,0.0
848,3,16,14,2022,2,0.0
822,51,8,15,2022,2,0.0
4,214,7,16,2022,2,0.0
817,1,14,17,2022,2,0.0
849,3,18,18,2022,2,0.0
852,213,19,19,2022,2,0.0
854,210,0,20,2022,2,0.0
844,6,1,1,2022,3,26.0
815,9,3,2,2022,3,18.0
847,131,6,3,2022,3,15.0
1,131,5,4,2022,3,12.0
846,1,4,5,2022,3,10.0
817,1,7,6,2022,3,8.0
839,214,8,7,2022,3,6.0
822,51,12,8,2022,3,4.0
842,213,11,9,2022,3,2.0
848,3,20,10,2022,3,1.0
855,51,14,11,2022,3,0.0
840,117,19,12,2022,3,0.0
854,210,15,13,2022,3,0.0
825,210,16,14,2022,3,0.0
852,213,13,15,2022,3,0.0
849,3,18,16,2022,3,0.0
4,214,10,17,2022,3,0.0
830,9,2,18,2022,3,0.0
20,117,17,19,2022,3,0.0
832,6,9,20,2022,3,0.0
830,9,1,1,2022,4,26.0
815,9,3,2,2022,4,18.0
846,1,5,3,2022,4,15.0
847,131,11,4,2022,4,12.0
822,51,7,5,2022,4,10.0
844,6,2,6,2022,4,8.0
852,213,12,7,2022,4,6.0
20,117,13,8,2022,4,4.0
825,210,8,9,2022,4,2.0
840,117,15,10,2022,4,1.0
848,3,18,11,2022,4,0.0
842,213,17,12,2022,4,0.0
1,131,14,13,2022,4,0.0
839,214,16,14,2022,4,0.0
855,51,0,15,2022,4,0.0
849,3,19,16,2022,4,0.0
854,210,10,17,2022,4,0.0
817,1,6,18,2022,4,0.0
4,214,9,19,2022,4,0.0
832,6,4,20,2022,4,0.0
830,9,3,1,2022,5,26.0
844,6,1,2,2022,5,18.0
832,6,2,3,2022,5,15.0
815,9,4,4,2022,5,12.0
847,131,12,5,2022,5,10.0
1,131,6,6,2022,5,8.0
822,51,5,7,2022,5,6.0
839,214,20,8,2022,5,4.0
848,3,18,9,2022,5,2.0
840,117,0,10,2022,5,1.0
4,214,11,11,2022,5,0.0
852,213,9,12,2022,5,0.0
817,1,14,13,2022,5,0.0
849,3,19,14,2022,5,0.0
854,210,15,15,2022,5,0.0
825,210,16,16,2022,5,0.0
20,117,0,17,2022,5,0.0
842,213,7,18,2022,5,0.0
846,1,8,19,2022,5,0.0
855,51,17,20,2022,5,0.0
830,9,2,1,2022,6,25.0
815,9,5,2,2022,6,19.0
847,131,4,3,2022,6,15.0
832,6,3,4,2022,6,12.0
1,131,6,5,2022,6,10.0
822,51,7,6,2022,6,8.0
839,214,12,7,2022,6,6.0
846,1,11,8,2022,6,4.0
4,214,20,9,2022,6,2.0
852,213,13,10,2022,6,1.0
20,117,16,11,2022,6,0.0
817,1,9,12,2022,6,0.0
842,213,14,13,2022,6,0.0
854,210,10,14,2022,6,0.0
840,117,17,15,2022,6,0.0
849,3,19,16,2022,6,0.0
825,210,8,17,2022,6,0.0
848,3,18,18,2022,6,0.0
855,51,15,19,2022,6,0.0
844,6,1,20,2022,6,0.0
815,9,3,1,2022,7,25.0
832,6,2,2,2022,7,18.0
830,9,4,3,2022,7,15.0
844,6,1,4,2022,7,12.0
847,131,6,5,2022,7,10.0
846,1,5,6,2022,7,9.0
4,214,7,7,2022,7,6.0
1,131,8,8,2022,7,4.0
822,51,12,9,2022,7,2.0
20,117,9,10,2022,7,1.0
842,213,17,11,2022,7,0.0
839,214,10,12,2022,7,0.0
817,1,14,13,2022,7,0.0
840,117,18,14,2022,7,0.0
849,3,19,15,2022,7,0.0
855,51,20,16,2022,7,0.0
852,213,11,17,2022,7,0.0
848,3,16,18,2022,7,0.0
854,210,15,19,2022,7,0.0
825,210,13,20,2022,7,0.0
830,9,3,1,2022,8,25.0
815,9,2,2,2022,8,19.0
847,131,5,3,2022,8,15.0
1,131,7,4,2022,8,12.0
842,213,6,5,2022,8,10.0
20,117,9,6,2022,8,8.0
4,214,10,7,2022,8,6.0
817,1,12,8,2022,8,4.0
846,1,11,9,2022,8,2.0
839,214,13,10,2022,8,1.0
822,51,15,11,2022,8,0.0
848,3,17,12,2022,8,0.0
852,213,8,13,2022,8,0.0
854,210,20,14,2022,8,0.0
849,3,18,15,2022,8,0.0
840,117,19,16,2022,8,0.0
825,210,16,17,2022,8,0.0
855,51,14,18,2022,8,0.0
844,6,1,19,2022,8,0.0
832,6,4,20,2022,8,0.0
830,9,1,1,2022,9,25.0
832,6,3,2,2022,9,19.0
1,131,4,3,2022,9,15.0
847,131,8,4,2022,9,12.0
844,6,19,5,2022,9,10.0
839,214,7,6,2022,9,8.0
822,51,11,7,2022,9,6.0
855,51,10,8,2022,9,4.0
4,214,2,9,2022,9,2.0
840,117,17,10,2022,9,1.0
817,1,9,11,2022,9,0.0
20,117,16,12,2022,9,0.0
848,3,12,13,2022,9,0.0
842,213,15,14,2022,9,0.0
846,1,14,15,2022,9,0.0
849,3,18,16,2022,9,0.0
825,210,5,17,2022,9,0.0
852,213,20,18,2022,9,0.0
854,210,6,19,2022,9,0.0
815,9,13,20,2022,9,0.0
832,6,1,1,2022,10,25.0
815,9,4,2,2022,10,18.0
1,131,5,3,2022,10,16.0
844,6,3,4,2022,10,12.0
4,214,7,5,2022,10,10.0
846,1,6,6,2022,10,8.0
830,9,2,7,2022,10,6.0
854,210,19,8,2022,10,4.0
20,117,18,9,2022,10,2.0
825,210,17,10,2022,10,1.0
840,117,20,11,2022,10,0.0
849,3,10,12,2022,10,0.0
817,1,14,13,2022,10,0.0
852,213,13,14,2022,10,0.0
839,214,15,15,2022,10,0.0
842,213,11,16,2022,10,0.0
822,51,12,17,2022,10,0.0
847,131,8,18,2022,10,0.0
855,51,9,19,2022,10,0.0
848,3,16,20,2022,10,0.0
844,6,2,1,2022,11,25.0
830,9,1,2,2022,11,19.0
1,131,8,3,2022,11,15.0
847,131,4,4,2022,11,12.0
839,214,6,5,2022,11,10.0
854,210,9,6,2022,11,8.0
846,1,10,7,2022,11,6.0
825,210,7,8,2022,11,4.0
817,1,11,9,2022,11,2.0
4,214,19,10,2022,11,1.0
822,51,0,11,2022,11,0.0
848,3,15,12,2022,11,0.0
840,117,12,13,2022,11,0.0
855,51,13,14,2022,11,0.0
842,213,14,15,2022,11,0.0
852,213,16,16,2022,11,0.0
20,117,18,17,2022,11,0.0
832,6,3,18,2022,11,0.0
849,3,17,19,2022,11,0.0
815,9,5,20,2022,11,0.0
830,9,2,1,2022,12,25.0
1,131,4,2,2022,12,18.0
847,131,6,3,2022,12,15.0
815,9,3,4,2022,12,12.0
832,6,19,5,2022,12,11.0
4,214,7,6,2022,12,8.0
846,1,5,7,2022,12,6.0
839,214,10,8,2022,12,4.0
817,1,9,9,2022,12,2.0
840,117,15,10,2022,12,1.0
20,117,12,11,2022,12,0.0
842,213,14,12,2022,12,0.0
848,3,13,13,2022,12,0.0
822,51,11,14,2022,12,0.0
854,210,17,15,2022,12,0.0
855,51,16,16,2022,12,0.0
849,3,18,17,2022,12,0.0
825,210,20,18,2022,12,0.0
844,6,1,19,2022,12,0.0
852,213,8,20,2022,12,0.0
830,9,10,1,2022,13,25.0
1,131,7,2,2022,13,19.0
847,131,1,3,2022,13,15.0
832,6,2,4,2022,13,12.0
815,9,11,5,2022,13,10.0
844,6,3,6,2022,13,8.0
846,1,4,7,2022,13,6.0
4,214,6,8,2022,13,4.0
839,214,5,9,2022,13,2.0
20,117,18,10,2022,13,1.0
840,117,14,11,2022,13,0.0
842,213,0,12,2022,13,0.0
855,51,12,13,2022,13,0.0
854,210,15,14,2022,13,0.0
817,1,9,15,2022,13,0.0
825,210,13,16,2022,13,0.0
848,3,17,17,2022,13,0.0
849,3,19,18,2022,13,0.0
852,213,16,19,2022,13,0.0
822,51,8,20,2022,13,0.0
830,9,14,1,2022,14,26.0
815,9,2,2,2022,14,18.0
832,6,1,3,2022,14,15.0
847,131,5,4,2022,14,12.0
4,214,3,5,2022,14,10.0
844,6,15,6,2022,14,8.0
839,214,16,7,2022,14,6.0
20,117,10,8,2022,14,4.0
842,213,0,9,2022,14,2.0
848,3,6,10,2022,14,1.0
840,117,9,11,2022,14,0.0
846,1,17,12,2022,14,0.0
852,213,0,13,2022,14,0.0
855,51,18,14,2022,14,0.0
817,1,7,15,2022,14,0.0
825,210,12,16,2022,14,0.0
854,210,19,17,2022,14,0.0
849,3,11,18,2022,14,0.0
822,51,13,19,2022,14,0.0
1,131,4,20,2022,14,0.0
830,9,1,1,2022,15,26.0
847,131,6,2,2022,15,18.0
844,6,2,3,2022,15,15.0
1,131,4,4,2022,15,12.0
815,9,5,5,2022,15,10.0
4,214,13,6,2022,15,8.0
846,1,7,7,2022,15,6.0
832,6,3,8,2022,15,4.0
839,214,12,9,2022,15,2.0
840,117,10,10,2022,15,1.0
842,213,11,11,2022,15,0.0
848,3,15,12,2022,15,0.0
854,210,8,13,2022,15,0.0
20,117,19,14,2022,15,0.0
825,210,18,15,2022,15,0.0
855,51,14,16,2022,15,0.0
817,1,17,17,2022,15,0.0
849,3,20,18,2022,15,0.0
822,51,16,19,2022,15,0.0
852,213,9,20,2022,15,0.0
830,9,7,1,2022,16,25.0
844,6,1,2,2022,16,18.0
847,131,2,3,2022,16,15.0
832,6,18,4,2022,16,12.0
1,131,19,5,2022,16,10.0
815,9,13,6,2022,16,9.0
846,1,3,7,2022,16,6.0
842,213,5,8,2022,16,4.0
856,3,8,9,2022,16,2.0
855,51,9,10,2022,16,1.0
839,214,14,11,2022,16,0.0
854,210,17,12,2022,16,0.0
822,51,15,13,2022,16,0.0
852,213,20,14,2022,16,0.0
849,3,10,15,2022,16,0.0
825,210,16,16,2022,16,0.0
817,1,4,17,2022,16,0.0
840,117,12,18,2022,16,0.0
4,214,6,19,2022,16,0.0
20,117,11,20,2022,16,0.0
815,9,2,1,2022,17,25.0
844,6,1,2,2022,17,18.0
832,6,4,3,2022,17,15.0
846,1,6,4,2022,17,12.0
817,1,16,5,2022,17,10.0
840,117,11,6,2022,17,8.0
830,9,8,7,2022,17,6.0
20,117,13,8,2022,17,4.0
1,131,3,9,2022,17,2.0
842,213,7,10,2022,17,1.0
822,51,15,11,2022,17,0.0
825,210,9,12,2022,17,0.0
854,210,12,13,2022,17,0.0
847,131,0,14,2022,17,0.0
852,213,10,15,2022,17,0.0
839,214,17,16,2022,17,0.0
848,3,18,17,2022,17,0.0
4,214,5,18,2022,17,0.0
849,3,19,19,2022,17,0.0
855,51,14,20,2022,17,0.0
830,9,1,1,2022,18,25.0
815,9,4,2,2022,18,18.0
844,6,2,3,2022,18,15.0
839,214,5,4,2022,18,12.0
1,131,6,5,2022,18,10.0
20,117,9,6,2022,18,8.0
4,214,7,7,2022,18,6.0
847,131,8,8,2022,18,4.0
849,3,20,9,2022,18,2.0
846,1,10,10,2022,18,1.0
817,1,11,11,2022,18,0.0
840,117,19,12,2022,18,0.0
852,213,13,13,2022,18,0.0
825,210,18,14,2022,18,0.0
822,51,12,15,2022,18,0.0
855,51,14,16,2022,18,0.0
854,210,15,17,2022,18,0.0
842,213,17,18,2022,18,0.0
832,6,3,19,2022,18,0.0
848,3,16,20,2022,18,0.0
830,9,2,1,2022,19,25.0
1,131,3,2,2022,19,18.0
844,6,12,3,2022,19,15.0
815,9,9,4,2022,19,12.0
847,131,4,5,2022,19,11.0
846,1,6,6,2022,19,8.0
4,214,14,7,2022,19,6.0
20,117,10,8,2022,19,4.0
825,210,13,9,2022,19,2.0
852,213,19,10,2022,19,1.0
839,214,0,11,2022,19,0.0
855,51,18,12,2022,19,0.0
848,3,8,13,2022,19,0.0
842,213,11,14,2022,19,0.0
854,210,16,15,2022,19,0.0
817,1,15,16,2022,19,0.0
849,3,17,17,2022,19,0.0
840,117,5,18,2022,19,0.0
822,51,7,19,2022,19,0.0
832,6,1,20,2022,19,0.0
830,9,1,1,2022,20,25.0
1,131,3,2,2022,20,18.0
815,9,4,3,2022,20,15.0
847,131,2,4,2022,20,13.0
832,6,5,5,2022,20,10.0
844,6,7,6,2022,20,8.0
817,1,11,7,2022,20,6.0
839,214,10,8,2022,20,4.0
846,1,8,9,2022,20,2.0
822,51,6,10,2022,20,1.0
842,213,14,11,2022,20,0.0
848,3,17,12,2022,20,0.0
855,51,12,13,2022,20,0.0
20,117,16,14,2022,20,0.0
840,117,20,15,2022,20,0.0
854,210,15,16,2022,20,0.0
825,210,19,17,2022,20,0.0
849,3,18,18,2022,20,0.0
4,214,9,19,2022,20,0.0
852,213,13,20,2022,20,0.0
847,131,1,1,2022,21,26.0
1,131,2,2,2022,21,18.0
832,6,7,3,2022,21,15.0
844,6,5,4,2022,21,12.0
4,214,17,5,2022,21,10.0
830,9,3,6,2022,21,8.0
815,9,4,7,2022,21,6.0
839,214,16,8,2022,21,4.0
822,51,14,9,2022,21,2.0
840,117,15,10,2022,21,1.0
20,117,9,11,2022,21,0.0
855,51,13,12,2022,21,0.0
854,210,12,13,2022,21,0.0
842,213,10,14,2022,21,0.0
848,3,19,15,2022,21,0.0
849,3,18,16,2022,21,0.0
852,213,0,17,2022,21,0.0
846,1,6,18,2022,21,0.0
825,210,8,19,2022,21,0.0
817,1,11,20,2022,21,0.0
830,9,1,1,2022,22,25.0
844,6,3,2,2022,22,18.0
815,9,2,3,2022,22,15.0
832,6,4,4,2022,22,12.0
847,131,6,5,2022,22,10.0
846,1,7,6,2022,22,9.0
839,214,8,7,2022,22,6.0
840,117,14,8,2022,22,4.0
817,1,13,9,2022,22,2.0
20,117,9,10,2022,22,1.0
852,213,11,11,2022,22,0.0
855,51,15,12,2022,22,0.0
848,3,19,13,2022,22,0.0
842,213,17,14,2022,22,0.0
822,51,18,15,2022,22,0.0
854,210,12,16,2022,22,0.0
825,210,16,17,2022,22,0.0
1,131,5,18,2022,22,0.0
849,3,20,19,2022,22,0.0
4,214,10,20,2022,22,0.0
830,9,1,1,2023,1,25.0
815,9,2,2,2023,1,18.0
4,117,5,3,2023,1,15.0
832,6,4,4,2023,1,12.0
1,131,7,5,2023,1,10.0
840,117,8,6,2023,1,8.0
847,131,6,7,2023,1,6.0
822,51,12,8,2023,1,4.0
842,214,20,9,2023,1,2.0
848,3,15,10,2023,1,1.0
852,213,14,11,2023,1,0.0
858,3,16,12,2023,1,0.0
825,210,17,13,2023,1,0.0
856,213,19,14,2023,1,0.0
807,210,10,15,2023,1,0.0
855,51,13,16,2023,1,0.0
846,1,11,17,2023,1,0.0
839,214,9,18,2023,1,0.0
844,6,3,19,2023,1,0.0
857,1,18,20,2023,1,0.0
815,9,1,1,2023,2,25.0
830,9,15,2,2023,2,19.0
4,117,2,3,2023,2,15.0
847,131,3,4,2023,2,12.0
1,131,7,5,2023,2,10.0
832,6,4,6,2023,2,8.0
844,6,12,7,2023,2,6.0
839,214,6,8,2023,2,4.0
842,214,9,9,2023,2,2.0
825,210,13,10,2023,2,1.0
852,213,16,11,2023,2,0.0
807,210,10,12,2023,2,0.0
855,51,11,13,2023,2,0.0
856,213,18,14,2023,2,0.0
857,1,8,15,2023,2,0.0
858,3,20,16,2023,2,0.0
846,1,19,17,2023,2,0.0
822,51,14,18,2023,2,0.0
848,3,17,19,2023,2,0.0
840,117,5,20,2023,2,0.0
830,9,1,1,2023,3,25.0
1,131,3,2,2023,3,18.0
4,117,4,3,2023,3,15.0
840,117,6,4,2023,3,12.0
815,9,0,5,2023,3,11.0
846,1,13,6,2023,3,8.0
807,210,10,7,2023,3,6.0
857,1,16,8,2023,3,4.0
855,51,17,9,2023,3,2.0
852,213,12,10,2023,3,1.0
822,51,0,11,2023,3,0.0
832,6,5,12,2023,3,0.0
842,214,9,13,2023,3,0.0
839,214,11,14,2023,3,0.0
856,213,15,15,2023,3,0.0
858,3,18,16,2023,3,0.0
825,210,14,17,2023,3,0.0
847,131,2,18,2023,3,0.0
848,3,8,19,2023,3,0.0
844,6,7,20,2023,3,0.0
815,9,3,1,2023,4,25.0
830,9,2,2,2023,4,18.0
844,6,1,3,2023,4,15.0
4,117,6,4,2023,4,12.0
832,6,4,5,2023,4,10.0
1,131,5,6,2023,4,8.0
840,117,9,7,2023,4,6.0
847,131,11,8,2023,4,5.0
846,1,7,9,2023,4,2.0
852,213,8,10,2023,4,1.0
857,1,10,11,2023,4,0.0
848,3,12,12,2023,4,0.0
825,210,16,13,2023,4,0.0
842,214,17,14,2023,4,0.0
839,214,0,15,2023,4,0.0
858,3,14,16,2023,4,0.0
807,210,0,17,2023,4,0.0
822,51,13,18,2023,4,0.0
855,51,15,19,2023,4,0.0
856,213,18,20,2023,4,0.0
830,9,9,1,2023,5,26.0
815,9,1,2,2023,5,18.0
4,117,2,3,2023,5,15.0
847,131,6,4,2023,5,12.0
832,6,3,5,2023,5,10.0
1,131,13,6,2023,5,8.0
844,6,7,7,2023,5,6.0
842,214,5,8,2023,5,4.0
839,214,8,9,2023,5,2.0
825,210,4,10,2023,5,1.0
852,213,17,11,2023,5,0.0
840,117,18,12,2023,5,0.0
822,51,10,13,2023,5,0.0
848,3,11,14,2023,5,0.0
807,210,12,15,2023,5,0.0
855,51,14,16,2023,5,0.0
846,1,16,17,2023,5,0.0
856,213,15,18,2023,5,0.0
857,1,19,19,2023,5,0.0
858,3,20,20,2023,5,0.0
830,9,1,1,2023,6,25.0
4,117,2,2,2023,6,18.0
839,214,3,3,2023,6,15.0
1,131,5,4,2023,6,13.0
847,131,8,5,2023,6,10.0
844,6,6,6,2023,6,8.0
842,214,7,7,2023,6,6.0
832,6,4,8,2023,6,4.0
846,1,10,9,2023,6,2.0
857,1,11,10,2023,6,1.0
822,51,15,11,2023,6,0.0
856,213,12,12,2023,6,0.0
855,51,19,13,2023,6,0.0
848,3,13,14,2023,6,0.0
852,213,9,15,2023,6,0.0
815,9,20,16,2023,6,0.0
807,210,18,17,2023,6,0.0
858,3,16,18,2023,6,0.0
825,210,17,19,2023,6,0.0
840,117,14,20,2023,6,0.0
830,9,1,1,2023,7,26.0
1,131,4,2,2023,7,18.0
847,131,12,3,2023,7,15.0
815,9,11,4,2023,7,12.0
832,6,2,5,2023,7,10.0
840,117,5,6,2023,7,8.0
4,117,8,7,2023,7,6.0
839,214,6,8,2023,7,4.0
855,51,13,9,2023,7,2.0
842,214,10,10,2023,7,1.0
844,6,19,11,2023,7,0.0
852,213,15,12,2023,7,0.0
857,1,9,13,2023,7,0.0
856,213,14,14,2023,7,0.0
807,210,7,15,2023,7,0.0
848,3,18,16,2023,7,0.0
846,1,3,17,2023,7,0.0
825,210,17,18,2023,7,0.0
822,51,16,19,2023,7,0.0
858,3,20,20,2023,7,0.0
830,9,1,1,2023,8,25.0
4,117,2,2,2023,8,18.0
1,131,3,3,2023,8,15.0
844,6,10,4,2023,8,12.0
832,6,11,5,2023,8,10.0
815,9,12,6,2023,8,9.0
848,3,9,7,2023,8,6.0
839,214,6,8,2023,8,4.0
840,117,16,9,2023,8,2.0
822,51,14,10,2023,8,1.0
857,1,8,11,2023,8,0.0
842,214,15,12,2023,8,0.0
846,1,7,13,2023,8,0.0
852,213,19,14,2023,8,0.0
807,210,5,15,2023,8,0.0
855,51,20,16,2023,8,0.0
825,210,13,17,2023,8,0.0
856,213,17,18,2023,8,0.0
847,131,4,19,2023,8,0.0
858,3,18,20,2023,8,0.0
830,9,1,1,2023,9,26.0
844,6,2,2,2023,9,18.0
815,9,15,3,2023,9,15.0
846,1,4,4,2023,9,12.0
4,117,7,5,2023,9,10.0
832,6,3,6,2023,9,8.0
847,131,11,7,2023,9,6.0
1,131,5,8,2023,9,4.0
840,117,6,9,2023,9,2.0
842,214,9,10,2023,9,1.0
848,3,10,11,2023,9,0.0
855,51,17,12,2023,9,0.0
858,3,18,13,2023,9,0.0
839,214,12,14,2023,9,0.0
822,51,14,15,2023,9,0.0
857,1,13,16,2023,9,0.0
856,213,0,17,2023,9,0.0
825,210,0,18,2023,9,0.0
852,213,16,19,2023,9,0.0
807,210,8,20,2023,9,0.0
830,9,1,1,2023,10,26.0
846,1,2,2,2023,10,18.0
1,131,7,3,2023,10,15.0
857,1,3,4,2023,10,12.0
847,131,6,5,2023,10,10.0
815,9,15,6,2023,10,8.0
4,117,9,7,2023,10,6.0
848,3,8,8,2023,10,4.0
844,6,4,9,2023,10,2.0
832,6,5,10,2023,10,1.0
858,3,14,11,2023,10,0.0
822,51,20,12,2023,10,0.0
807,210,11,13,2023,10,0.0
840,117,12,14,2023,10,0.0
855,51,17,15,2023,10,0.0
852,213,16,16,2023,10,0.0
856,213,18,17,2023,10,0.0
842,214,10,18,2023,10,0.0
825,210,19,19,2023,10,0.0
839,214,13,20,2023,10,0.0
830,9,2,1,2023,11,26.0
846,1,3,2,2023,11,18.0
815,9,9,3,2023,11,15.0
1,131,1,4,2023,11,12.0
857,1,4,5,2023,11,10.0
847,131,18,6,2023,11,8.0
844,6,6,7,2023,11,6.0
832,6,11,8,2023,11,4.0
4,117,8,9,2023,11,2.0
840,117,14,10,2023,11,1.0
848,3,16,11,2023,11,0.0
822,51,7,12,2023,11,0.0
817,213,13,13,2023,11,0.0
807,210,10,14,2023,11,0.0
852,213,17,15,2023,11,0.0
855,51,5,16,2023,11,0.0
825,210,19,17,2023,11,0.0
858,3,20,18,2023,11,0.0
839,214,12,19,2023,11,0.0
842,214,15,20,2023,11,0.0
830,9,6,1,2023,12,25.0
815,9,2,2,2023,12,18.0
844,6,1,3,2023,12,15.0
1,131,3,4,2023,12,13.0
4,117,9,5,2023,12,10.0
847,131,8,6,2023,12,8.0
846,1,7,7,2023,12,6.0
839,214,14,8,2023,12,4.0
840,117,10,9,2023,12,2.0
852,213,11,10,2023,12,1.0
842,214,12,11,2023,12,0.0
822,51,13,12,2023,12,0.0
855,51,17,13,2023,12,0.0
848,3,15,14,2023,12,0.0
825,210,16,15,2023,12,0.0
817,213,19,16,2023,12,0.0
858,3,18,17,2023,12,0.0
807,210,0,18,2023,12,0.0
832,6,4,19,2023,12,0.0
857,1,5,20,2023,12,0.0
830,9,1,1,2023,13,25.0
4,117,5,2,2023,13,19.0
842,214,12,3,2023,13,15.0
815,9,7,4,2023,13,12.0
832,6,6,5,2023,13,10.0
1,131,13,6,2023,13,8.0
846,1,2,7,2023,13,6.0
848,3,4,8,2023,13,4.0
857,1,8,9,2023,13,2.0
839,214,16,10,2023,13,1.0
840,117,11,11,2023,13,0.0
807,210,14,12,2023,13,0.0
859,213,19,13,2023,13,0.0
822,51,18,14,2023,13,0.0
852,213,17,15,2023,13,0.0
825,210,0,16,2023,13,0.0
847,131,3,17,2023,13,0.0
855,51,15,18,2023,13,0.0
844,6,9,19,2023,13,0.0
858,3,10,20,2023,13,0.0
830,9,2,1,2023,14,25.0
815,9,5,2,2023,14,18.0
832,6,1,3,2023,14,15.0
844,6,3,4,2023,14,12.0
847,131,4,5,2023,14,10.0
1,131,8,6,2023,14,8.0
848,3,6,7,2023,14,6.0
846,1,9,8,2023,14,4.0
4,117,10,9,2023,14,2.0
822,51,14,10,2023,14,1.0
859,213,12,11,2023,14,0.0
857,1,7,12,2023,14,0.0
858,3,15,13,2023,14,0.0
855,51,16,14,2023,14,0.0
842,214,17,15,2023,14,0.0
840,117,20,16,2023,14,0.0
807,210,13,17,2023,14,0.0
825,210,19,18,2023,14,0.0
839,214,18,19,2023,14,0.0
852,213,11,20,2023,14,0.0
832,6,1,1,2023,15,25.0
846,1,4,2,2023,15,18.0
1,131,5,3,2023,15,16.0
844,6,3,4,2023,15,12.0
830,9,11,5,2023,15,10.0
842,214,12,6,2023,15,8.0
857,1,17,7,2023,15,6.0
815,9,13,8,2023,15,4.0
859,213,10,9,2023,15,2.0
825,210,6,10,2023,15,1.0
848,3,14,11,2023,15,0.0
855,51,0,12,2023,15,0.0
807,210,9,13,2023,15,0.0
858,3,18,14,2023,15,0.0
4,117,7,15,2023,15,0.0
847,131,2,16,2023,15,0.0
822,51,16,17,2023,15,0.0
839,214,8,18,2023,15,0.0
852,213,15,19,2023,15,0.0
840,117,0,20,2023,15,0.0
830,9,1,1,2023,16,26.0
846,1,3,2,2023,16,18.0
857,1,2,3,2023,16,15.0
844,6,4,4,2023,16,12.0
1,131,7,5,2023,16,10.0
832,6,6,6,2023,16,8.0
847,131,8,7,2023,16,6.0
4,117,10,8,2023,16,4.0
839,214,14,9,2023,16,2.0
842,214,12,10,2023,16,1.0
859,213,11,11,2023,16,0.0
852,213,9,12,2023,16,0.0
855,51,19,13,2023,16,0.0
807,210,18,14,2023,16,0.0
825,210,15,15,2023,16,0.0
848,3,13,16,2023,16,0.0
858,3,0,17,2023,16,0.0
840,117,17,18,2023,16,0.0
815,9,5,19,2023,16,0.0
822,51,16,20,2023,16,0.0
830,9,1,1,2023,17,26.0
857,1,6,2,2023,17,18.0
846,1,10,3,2023,17,15.0
847,131,2,4,2023,17,12.0
844,6,5,5,2023,17,10.0
4,117,4,6,2023,17,8.0
839,214,8,7,2023,17,6.0
822,51,9,8,2023,17,4.0
855,51,19,9,2023,17,2.0
815,9,0,10,2023,17,1.0
840,117,16,11,2023,17,0.0
842,214,7,12,2023,17,0.0
848,3,13,13,2023,17,0.0
825,210,18,14,2023,17,0.0
852,213,11,15,2023,17,0.0
807,210,14,16,2023,17,0.0
859,213,17,17,2023,17,0.0
858,3,15,18,2023,17,0.0
1,131,3,19,2023,17,0.0
832,6,12,20,2023,17,0.0
830,9,6,1,2023,18,25.0
846,1,2,2,2023,18,18.0
832,6,4,3,2023,18,15.0
815,9,9,4,2023,18,12.0
847,131,5,5,2023,18,10.0
842,214,7,6,2023,18,8.0
840,117,0,7,2023,18,6.0
852,213,11,8,2023,18,5.0
848,3,15,9,2023,18,2.0
858,3,16,10,2023,18,1.0
807,210,0,11,2023,18,0.0
822,51,13,12,2023,18,0.0
855,51,12,13,2023,18,0.0
825,210,0,14,2023,18,0.0
817,213,14,15,2023,18,0.0
4,117,0,16,2023,18,0.0
857,1,10,17,2023,18,0.0
839,214,8,18,2023,18,0.0
1,131,3,19,2023,18,0.0
844,6,1,20,2023,18,0.0
830,9,3,1,2023,19,25.0
1,131,6,2,2023,19,19.0
844,6,1,3,2023,19,15.0
832,6,2,4,2023,19,12.0
846,1,17,5,2023,19,10.0
847,131,8,6,2023,19,8.0
817,213,4,7,2023,19,6.0
857,1,7,8,2023,19,4.0
848,3,14,9,2023,19,2.0
839,214,15,10,2023,19,1.0
842,214,11,11,2023,19,0.0
852,213,18,12,2023,19,0.0
807,210,12,13,2023,19,0.0
855,51,10,14,2023,19,0.0
822,51,9,15,2023,19,0.0
858,3,19,16,2023,19,0.0
840,117,0,17,2023,19,0.0
4,117,13,18,2023,19,0.0
825,210,16,19,2023,19,0.0
815,9,5,20,2023,19,0.0
830,9,1,1,2023,20,25.0
846,1,6,2,2023,20,19.0
4,117,4,3,2023,20,15.0
815,9,9,4,2023,20,12.0
840,117,3,5,2023,20,10.0
832,6,7,6,2023,20,8.0
842,214,15,7,2023,20,6.0
1,131,5,8,2023,20,4.0
852,213,16,9,2023,20,2.0
839,214,14,10,2023,20,1.0
858,3,19,11,2023,20,0.0
807,210,11,12,2023,20,0.0
817,213,17,13,2023,20,0.0
857,1,10,14,2023,20,0.0
847,131,8,15,2023,20,0.0
822,51,18,16,2023,20,0.0
855,51,20,17,2023,20,0.0
825,210,12,18,2023,20,0.0
848,3,13,19,2023,20,0.0
844,6,0,20,2023,20,0.0
830,9,2,1,2023,21,25.0
844,6,1,2,2023,21,18.0
815,9,11,3,2023,21,15.0
839,214,16,4,2023,21,12.0
840,117,19,5,2023,21,10.0
832,6,12,6,2023,21,8.0
1,131,10,7,2023,21,6.0
847,131,3,8,2023,21,4.0
4,117,9,9,2023,21,2.0
857,1,18,10,2023,21,2.0
842,214,4,11,2023,21,0.0
848,3,5,12,2023,21,0.0
825,210,8,13,2023,21,0.0
817,213,14,14,2023,21,0.0
855,51,17,15,2023,21,0.0
858,3,6,16,2023,21,0.0
822,51,7,17,2023,21,0.0
852,213,20,18,2023,21,0.0
807,210,13,19,2023,21,0.0
846,1,15,20,2023,21,0.0
830,9,1,1,2023,22,26.0
844,6,2,2,2023,22,18.0
847,131,4,3,2023,22,15.0
815,9,9,4,2023,22,12.0
846,1,5,5,2023,22,10.0
857,1,3,6,2023,22,8.0
4,117,7,7,2023,22,6.0
852,213,6,8,2023,22,4.0
1,131,11,9,2023,22,2.0
840,117,13,10,2023,22,1.0
817,213,15,11,2023,22,0.0
839,214,12,12,2023,22,0.0
842,214,10,13,2023,22,0.0
848,3,14,14,2023,22,0.0
807,210,8,15,2023,22,0.0
858,3,20,16,2023,22,0.0
855,51,19,17,2023,22,0.0
832,6,16,18,2023,22,0.0
822,51,18,19,2023,22,0.0
825,210,17,20,2023,22,0.0
830,9,1,1,2024,1,26.0
815,9,5,2,2024,1,18.0
832,6,4,3,2024,1,15.0
844,6,2,4,2024,1,12.0
847,131,3,5,2024,1,10.0
846,1,7,6,2024,1,8.0
1,131,9,7,2024,1,6.0
857,1,8,8,2024,1,4.0
4,117,6,9,2024,1,2.0
840,117,12,10,2024,1,1.0
855,15,17,11,2024,1,0.0
825,210,15,12,2024,1,0.0
817,215,14,13,2024,1,0.0
852,215,11,14,2024,1,0.0
848,3,13,15,2024,1,0.0
807,210,10,16,2024,1,0.0
839,214,19,17,2024,1,0.0
842,214,20,18,2024,1,0.0
822,15,16,19,2024,1,0.0
858,3,18,20,2024,1,0.0
830,9,1,1,2024,2,25.0
815,9,3,2,2024,2,18.0
844,6,2,3,2024,2,16.0
857,1,5,4,2024,2,12.0
4,117,4,5,2024,2,10.0
847,131,7,6,2024,2,8.0
860,6,11,7,2024,2,6.0
846,1,6,8,2024,2,4.0
1,131,8,9,2024,2,2.0
807,210,15,10,2024,2,1.0
848,3,12,11,2024,2,0.0
825,210,13,12,2024,2,0.0
839,214,17,13,2024,2,0.0
858,3,19,14,2024,2,0.0
852,215,9,15,2024,2,0.0
817,215,14,16,2024,2,0.0
822,15,16,17,2024,2,0.0
855,15,20,18,2024,2,0.0
840,117,10,19,2024,2,0.0
842,214,18,20,2024,2,0.0
832,6,2,1,2024,3,25.0
844,6,4,2,2024,3,19.0
846,1,3,3,2024,3,15.0
857,1,5,4,2024,3,12.0
815,9,6,5,2024,3,10.0
840,117,9,6,2024,3,8.0
852,215,8,7,2024,3,6.0
4,117,10,8,2024,3,4.0
807,210,16,9,2024,3,2.0
825,210,14,10,2024,3,1.0
848,3,12,11,2024,3,0.0
817,215,18,12,2024,3,0.0
842,214,17,13,2024,3,0.0
822,15,13,14,2024,3,0.0
855,15,19,15,2024,3,0.0
839,214,15,16,2024,3,0.0
847,131,7,17,2024,3,0.0
1,131,11,18,2024,3,0.0
830,9,1,19,2024,3,0.0
830,9,1,1,2024,4,26.0
815,9,2,2,2024,4,18.0
832,6,4,3,2024,4,15.0
844,6,8,4,2024,4,12.0
846,1,3,5,2024,4,10.0
4,117,5,6,2024,4,8.0
847,131,9,7,2024,4,6.0
857,1,6,8,2024,4,4.0
1,131,7,9,2024,4,2.0
852,215,10,10,2024,4,1.0
807,210,12,11,2024,4,0.0
840,117,16,12,2024,4,0.0
825,210,18,13,2024,4,0.0
822,15,13,14,2024,4,0.0
839,214,15,15,2024,4,0.0
842,214,17,16,2024,4,0.0
858,3,19,17,2024,4,0.0
855,15,20,18,2024,4,0.0
817,215,11,19,2024,4,0.0
848,3,14,20,2024,4,0.0
830,9,1,1,2024,5,25.0
846,1,4,2,2024,5,18.0
815,9,2,3,2024,5,15.0
844,6,6,4,2024,5,12.0
832,6,7,5,2024,5,10.0
847,131,8,6,2024,5,8.0
4,117,3,7,2024,5,7.0
857,1,5,8,2024,5,4.0
1,131,18,9,2024,5,2.0
807,210,9,10,2024,5,1.0
839,214,13,11,2024,5,0.0
848,3,14,12,2024,5,0.0
842,214,15,13,2024,5,0.0
855,15,16,14,2024,5,0.0
840,117,11,15,2024,5,0.0
825,210,17,16,2024,5,0.0
858,3,20,17,2024,5,0.0
817,215,12,18,2024,5,0.0
852,215,19,19,2024,5,0.0
822,15,10,20,2024,5,0.0
846,1,5,1,2024,6,25.0
830,9,1,2,2024,6,18.0
844,6,2,3,2024,6,15.0
815,9,4,4,2024,6,12.0
832,6,3,5,2024,6,10.0
1,131,8,6,2024,6,8.0
852,215,10,7,2024,6,6.0
847,131,7,8,2024,6,4.0
4,117,15,9,2024,6,2.0
839,214,13,10,2024,6,1.0
807,210,9,11,2024,6,0.0
842,214,12,12,2024,6,0.0
857,1,6,13,2024,6,0.0
855,15,19,14,2024,6,0.0
817,215,20,15,2024,6,0.0
822,15,16,16,2024,6,0.0
840,117,11,17,2024,6,0.0
848,3,14,18,2024,6,0.0
825,210,18,19,2024,6,0.0
858,3,17,20,2024,6,0.0
830,9,1,1,2024,7,25.0
846,1,2,2,2024,7,18.0
844,6,3,3,2024,7,15.0
857,1,5,4,2024,7,12.0
832,6,4,5,2024,7,10.0
1,131,8,6,2024,7,8.0
847,131,6,7,2024,7,7.0
815,9,11,8,2024,7,4.0
840,117,13,9,2024,7,2.0
852,215,7,10,2024,7,1.0
807,210,10,11,2024,7,0.0
825,210,18,12,2024,7,0.0
817,215,9,13,2024,7,0.0
839,214,12,14,2024,7,0.0
855,15,17,15,2024,7,0.0
842,214,15,16,2024,7,0.0
858,3,19,17,2024,7,0.0
822,15,16,18,2024,7,0.0
4,117,20,19,2024,7,0.0
848,3,14,20,2024,7,0.0
844,6,1,1,2024,8,25.0
857,1,2,2,2024,8,18.0
832,6,3,3,2024,8,15.0
846,1,4,4,2024,8,12.0
847,131,5,5,2024,8,10.0
830,9,6,6,2024,8,8.0
1,131,7,7,2024,8,7.0
852,215,8,8,2024,8,4.0
848,3,9,9,2024,8,2.0
842,214,10,10,2024,8,1.0
4,117,14,11,2024,8,0.0
817,215,12,12,2024,8,0.0
822,15,17,13,2024,8,0.0
840,117,13,14,2024,8,0.0
858,3,15,15,2024,8,0.0
855,15,18,16,2024,8,0.0
839,214,11,17,2024,8,0.0
815,9,16,18,2024,8,0.0
807,210,19,19,2024,8,0.0
825,210,20,20,2024,8,0.0
830,9,2,1,2024,9,25.0
846,1,3,2,2024,9,18.0
847,131,1,3,2024,9,15.0
1,131,7,4,2024,9,13.0
857,1,4,5,2024,9,10.0
4,117,6,6,2024,9,8.0
840,117,9,7,2024,9,6.0
817,215,5,8,2024,9,4.0
842,214,15,9,2024,9,2.0
839,214,18,10,2024,9,1.0
807,210,17,11,2024,9,0.0
825,210,14,12,2024,9,0.0
822,15,0,13,2024,9,0.0
852,215,8,14,2024,9,0.0
855,15,0,15,2024,9,0.0
832,6,12,16,2024,9,0.0
848,3,10,17,2024,9,0.0
815,9,16,18,2024,9,0.0
844,6,11,19,2024,9,0.0
858,3,13,20,2024,9,0.0
830,9,2,1,2024,10,25.0
846,1,1,2,2024,10,19.0
1,131,3,3,2024,10,15.0
847,131,4,4,2024,10,12.0
844,6,5,5,2024,10,10.0
832,6,6,6,2024,10,8.0
857,1,9,7,2024,10,6.0
815,9,11,8,2024,10,4.0
842,214,7,9,2024,10,2.0
839,214,8,10,2024,10,1.0
807,210,13,11,2024,10,0.0
4,117,10,12,2024,10,0.0
855,15,15,13,2024,10,0.0
840,117,14,14,2024,10,0.0
817,215,18,15,2024,10,0.0
822,15,12,16,2024,10,0.0
825,210,16,17,2024,10,0.0
848,3,0,18,2024,10,0.0
852,215,17,19,2024,10,0.0
858,3,19,20,2024,10,0.0
847,131,3,1,2024,11,25.0
857,1,7,2,2024,11,18.0
832,6,4,3,2024,11,15.0
1,131,5,4,2024,11,12.0
830,9,1,5,2024,11,10.0
807,210,9,6,2024,11,8.0
815,9,8,7,2024,11,6.0
825,210,12,8,2024,11,4.0
817,215,11,9,2024,11,2.0
842,214,13,10,2024,11,1.0
844,6,6,11,2024,11,0.0
839,214,10,12,2024,11,0.0
840,117,17,13,2024,11,0.0
852,215,14,14,2024,11,0.0
848,3,16,15,2024,11,0.0
822,15,18,16,2024,11,0.0
855,15,20,17,2024,11,0.0
4,117,15,18,2024,11,0.0
858,3,19,19,2024,11,0.0
846,1,2,20,2024,11,0.0
1,131,2,1,2024,12,25.0
830,9,4,2,2024,12,18.0
846,1,3,3,2024,12,15.0
857,1,5,4,2024,12,12.0
832,6,7,5,2024,12,11.0
807,210,6,6,2024,12,8.0
840,117,8,7,2024,12,6.0
4,117,10,8,2024,12,4.0
848,3,9,9,2024,12,2.0
852,215,13,10,2024,12,1.0
858,3,12,11,2024,12,0.0
825,210,17,12,2024,12,0.0
817,215,15,13,2024,12,0.0
844,6,11,14,2024,12,0.0
822,15,16,15,2024,12,0.0
839,214,18,16,2024,12,0.0
815,9,0,17,2024,12,0.0
855,15,14,18,2024,12,0.0
847,131,1,19,2024,12,0.0
842,214,19,20,2024,12,0.0
857,1,2,1,2024,13,25.0
846,1,1,2,2024,13,18.0
1,131,5,3,2024,13,15.0
844,6,6,4,2024,13,12.0
830,9,3,5,2024,13,10.0
832,6,4,6,2024,13,8.0
815,9,16,7,2024,13,6.0
847,131,17,8,2024,13,5.0
852,215,10,9,2024,13,2.0
840,117,8,10,2024,13,1.0
4,117,7,11,2024,13,0.0
817,215,9,12,2024,13,0.0
807,210,11,13,2024,13,0.0
848,3,13,14,2024,13,0.0
825,210,15,15,2024,13,0.0
822,15,12,16,2024,13,0.0
858,3,14,17,2024,13,0.0
839,214,19,18,2024,13,0.0
855,15,18,19,2024,13,0.0
842,214,0,20,2024,13,0.0
1,131,3,1,2024,14,25.0
857,1,5,2,2024,14,18.0
844,6,1,3,2024,14,15.0
830,9,11,4,2024,14,12.0
846,1,4,5,2024,14,10.0
832,6,7,6,2024,14,8.0
815,9,2,7,2024,14,7.0
4,117,8,8,2024,14,4.0
839,214,9,9,2024,14,2.0
817,215,13,10,2024,14,1.0
840,117,15,11,2024,14,0.0
848,3,10,12,2024,14,0.0
842,214,12,13,2024,14,0.0
825,210,17,14,2024,14,0.0
822,15,14,15,2024,14,0.0
852,215,20,16,2024,14,0.0
858,3,18,17,2024,14,0.0
807,210,16,18,2024,14,0.0
855,15,19,19,2024,14,0.0
847,131,6,20,2024,14,0.0
846,1,1,1,2024,15,26.0
830,9,2,2,2024,15,18.0
844,6,6,3,2024,15,15.0
857,1,3,4,2024,15,12.0
832,6,10,5,2024,15,10.0
815,9,5,6,2024,15,8.0
847,131,4,7,2024,15,6.0
1,131,14,8,2024,15,4.0
842,214,9,9,2024,15,2.0
4,117,7,10,2024,15,1.0
807,210,12,11,2024,15,0.0
817,215,13,12,2024,15,0.0
840,117,8,13,2024,15,0.0
848,3,19,14,2024,15,0.0
839,214,15,15,2024,15,0.0
858,3,18,16,2024,15,0.0
852,215,11,17,2024,15,0.0
825,210,0,18,2024,15,0.0
822,15,16,19,2024,15,0.0
855,15,17,20,2024,15,0.0
844,6,4,1,2024,16,25.0
857,1,2,2,2024,16,18.0
846,1,1,3,2024,16,16.0
832,6,5,4,2024,16,12.0
1,131,6,5,2024,16,10.0
830,9,7,6,2024,16,8.0
847,131,3,7,2024,16,6.0
815,9,8,8,2024,16,4.0
848,3,9,9,2024,16,2.0
825,210,13,10,2024,16,1.0
4,117,11,11,2024,16,0.0
861,3,18,12,2024,16,0.0
817,215,12,13,2024,16,0.0
839,214,15,14,2024,16,0.0
842,214,14,15,2024,16,0.0
822,15,19,16,2024,16,0.0
807,210,10,17,2024,16,0.0
855,15,20,18,2024,16,0.0
840,117,17,19,2024,16,0.0
852,215,16,20,2024,16,0.0
857,1,2,1,2024,17,25.0
844,6,1,2,2024,17,18.0
847,131,5,3,2024,17,15.0
846,1,15,4,2024,17,13.0
830,9,6,5,2024,17,10.0
4,117,7,6,2024,17,8.0
848,3,9,7,2024,17,6.0
861,3,8,8,2024,17,4.0
1,131,0,9,2024,17,2.0
860,210,10,10,2024,17,1.0
807,210,12,11,2024,17,0.0
842,214,18,12,2024,17,0.0
817,215,14,13,2024,17,0.0
855,15,17,14,2024,17,0.0
839,214,0,15,2024,17,0.0
822,15,16,16,2024,17,0.0
815,9,4,17,2024,17,0.0
832,6,3,18,2024,17,0.0
840,117,13,19,2024,17,0.0
852,215,11,20,2024,17,0.0
846,1,1,1,2024,18,25.0
830,9,2,2,2024,18,18.0
857,1,5,3,2024,18,15.0
847,131,4,4,2024,18,12.0
844,6,9,5,2024,18,10.0
1,131,3,6,2024,18,8.0
832,6,10,7,2024,18,6.0
4,117,7,8,2024,18,4.0
807,210,6,9,2024,18,2.0
815,9,13,10,2024,18,1.0
861,3,12,11,2024,18,0.0
852,215,8,12,2024,18,0.0
839,214,15,13,2024,18,0.0
840,117,17,14,2024,18,0.0
855,15,20,15,2024,18,0.0
822,15,19,16,2024,18,0.0
842,214,18,17,2024,18,0.0
817,215,16,18,2024,18,0.0
825,210,14,19,2024,18,0.0
848,3,11,20,2024,18,0.0
844,6,4,1,2024,19,25.0
832,6,3,2,2024,19,18.0
830,9,2,3,2024,19,15.0
846,1,1,4,2024,19,12.0
857,1,5,5,2024,19,10.0
847,131,20,6,2024,19,8.0
815,9,9,7,2024,19,6.0
807,210,11,8,2024,19,4.0
859,215,19,9,2024,19,2.0
861,3,15,10,2024,19,1.0
825,210,8,11,2024,19,0.0
842,214,6,12,2024,19,0.0
4,117,7,13,2024,19,0.0
852,215,10,14,2024,19,0.0
840,117,13,15,2024,19,0.0
848,3,14,16,2024,19,0.0
822,15,16,17,2024,19,0.0
839,214,12,18,2024,19,0.0
855,15,18,19,2024,19,0.0
1,131,17,20,2024,19,0.0
832,6,1,1,2024,20,25.0
846,1,3,2,2024,20,18.0
844,6,4,3,2024,20,16.0
1,131,6,4,2024,20,12.0
847,131,5,5,2024,20,10.0
830,9,2,6,2024,20,8.0
825,210,7,7,2024,20,6.0
857,1,17,8,2024,20,4.0
807,210,10,9,2024,20,2.0
842,214,8,10,2024,20,1.0
840,117,14,11,2024,20,0.0
861,3,16,12,2024,20,0.0
839,214,0,13,2024,20,0.0
822,15,15,14,2024,20,0.0
855,15,19,15,2024,20,0.0
859,215,12,16,2024,20,0.0
815,9,18,17,2024,20,0.0
4,117,13,18,2024,20,0.0
848,3,9,19,2024,20,0.0
852,215,11,20,2024,20,0.0
830,9,17,1,2024,21,26.0
839,214,4,2,2024,21,18.0
842,214,13,3,2024,21,15.0
847,131,2,4,2024,21,12.0
844,6,6,5,2024,21,10.0
846,1,1,6,2024,21,8.0
852,215,3,7,2024,21,6.0
857,1,8,8,2024,21,4.0
859,215,5,9,2024,21,2.0
1,131,14,10,2024,21,1.0
815,9,12,11,2024,21,0.0
860,210,15,12,2024,21,0.0
822,15,11,13,2024,21,0.0
4,117,9,14,2024,21,0.0
855,15,19,15,2024,21,0.0
832,6,0,16,2024,21,0.0
861,3,16,17,2024,21,0.0
848,3,7,18,2024,21,0.0
840,117,10,19,2024,21,0.0
807,210,17,20,2024,21,0.0
847,131,1,1,2024,22,25.0
1,131,10,2,2024,22,18.0
832,6,2,3,2024,22,15.0
844,6,4,4,2024,22,12.0
830,9,5,5,2024,22,10.0
846,1,6,6,2024,22,9.0
857,1,8,7,2024,22,6.0
807,210,9,8,2024,22,4.0
852,215,7,9,2024,22,2.0
815,9,15,10,2024,22,1.0
4,117,16,11,2024,22,0.0
825,210,12,12,2024,22,0.0
855,15,13,13,2024,22,0.0
861,3,0,14,2024,22,0.0
840,117,18,15,2024,22,0.0
859,215,14,16,2024,22,0.0
839,214,11,17,2024,22,0.0
822,15,19,18,2024,22,0.0
848,3,17,19,2024,22,0.0
842,214,3,20,2024,22,0.0
830,9,2,1,2024,23,25.0
844,6,5,2,2024,23,18.0
857,1,4,3,2024,23,15.0
847,131,1,4,2024,23,12.0
842,214,11,5,2024,23,10.0
832,6,7,6,2024,23,8.0
4,117,8,7,2024,23,6.0
855,15,12,8,2024,23,4.0
825,210,10,9,2024,23,2.0
846,1,3,10,2024,23,2.0
822,15,13,11,2024,23,0.0
1,131,6,12,2024,23,0.0
852,215,14,13,2024,23,0.0
859,215,17,14,2024,23,0.0
848,3,16,15,2024,23,0.0
807,210,18,16,2024,23,0.0
815,9,9,17,2024,23,0.0
840,117,15,18,2024,23,0.0
861,3,19,19,2024,23,0.0
839,214,20,20,2024,23,0.0
846,1,1,1,2024,24,25.0
832,6,3,2,2024,24,18.0
844,6,19,3,2024,24,15.0
1,131,16,4,2024,24,12.0
847,131,6,5,2024,24,10.0
830,9,4,6,2024,24,8.0
842,214,5,7,2024,24,6.0
807,210,7,8,2024,24,4.0
4,117,8,9,2024,24,2.0
857,1,2,10,2024,24,1.0
848,3,18,11,2024,24,0.0
852,215,11,12,2024,24,0.0
855,15,15,13,2024,24,0.0
840,117,13,14,2024,24,0.0
862,214,17,15,2024,24,0.0
825,210,14,16,2024,24,0.0
859,215,12,17,2024,24,0.0
822,15,9,18,2024,24,0.0
861,3,20,19,2024,24,0.0
815,9,10,20,2024,24,0.0
